Year,Source,Scenario,LOB_vs_Tech,Tech_Group_Mapping,Tech_ID,OU_ID,Inv_vs_Prod,Tech_Portfolio_Owner,Tech_Portfolio_Subgroup,BC_Sponsor_Grouping,Business_Case_Sponsor,SubgroupName,BCID,BCID_Name,Horizon,L3_Sponsor_Grouping,L3_Sponsor,L3_SubGroup,L3_ID,L3_Full_Name,Priority_Category,Priority,Investment_Sustainment,Expense_rollup,FPA_Expense,Expense_Short_Name,Location,Jan_USD,Feb_USD,Mar_USD,Apr_USD,May_USD,Jun_USD,Jul_USD,Aug_USD,Sep_USD,Oct_USD,Nov_USD,Dec_USD,FY_USD,Jan_H,Feb_H,Mar_H,Apr_H,May_H,Jun_H,Jul_H,Aug_H,Sep_H,Oct_H,Nov_H,Dec_H,FY_PPM
2026,Planning,Budget,Tech,Cloud Infrastructure,T1001,OU210,Investment,John Smith,Cloud Engineering,Operations,Sarah Johnson,Infrastructure Modernization,BC10001,Cloud Migration Wave 1,Near Term,Technology,Michael Brown,Enterprise Platforms,L3001,Enterprise Platform Services,Strategic,P1,Investment,Infrastructure,CapEx,Cloud Migration,New York,120000.0,115000.0,125000.0,130000.0,128000.0,135000.0,140000.0,138000.0,142000.0,145000.0,148000.0,150000.0,1616000.0,800.0,820.0,850.0,870.0,860.0,890.0,910.0,900.0,920.0,940.0,950.0,980.0,10490.0
2026,Planning,Budget,LOB,Digital Channels,T1002,OU220,Production,Emily Davis,Online Banking,Consumer Banking,David Wilson,Mobile Experience,BC10002,Mobile App Enhancement,Mid Term,Business,Linda Taylor,Digital Banking,L3002,Digital Banking Solutions,Growth,P2,Sustainment,Applications,OpEx,Mobile Platform,New York,95000.0,98000.0,102000.0,104000.0,101000.0,99000.0,105000.0,107000.0,110000.0,112000.0,115000.0,118000.0,1266000.0,650.0,680.0,700.0,720.0,710.0,690.0,730.0,740.0,760.0,770.0,780.0,800.0,8730.0
2026,Forecast,Q2 Forecast,Tech,Cybersecurity,T1003,OU230,Investment,Robert Lee,Security Engineering,Risk Management,Jennifer White,Cyber Defense,BC10003,Zero Trust Program,Long Term,Technology,Kevin Martin,Security Services,L3003,Cybersecurity Operations,Regulatory,P1,Investment,Risk & Compliance,CapEx,Zero Trust,New York,150000.0,145000.0,155000.0,160000.0,162000.0,165000.0,168000.0,170000.0,172000.0,175000.0,178000.0,180000.0,1980000.0,900.0,890.0,940.0,950.0,960.0,980.0,990.0,1000.0,1010.0,1030.0,1040.0,1050.0,11740.0
2026,Forecast,Q2 Forecast,LOB,Data & Analytics,T1004,OU240,Production,Olivia Garcia,Data Platforms,Finance,Thomas Clark,Finance Analytics,BC10004,Enterprise Reporting Upgrade,Near Term,Business,Rachel Scott,Finance Technology,L3004,Finance Data Services,Efficiency,P2,Sustainment,Data Services,OpEx,Reporting Platform,New York,85000.0,86000.0,88000.0,90000.0,91000.0,92000.0,94000.0,95000.0,96000.0,98000.0,99000.0,100000.0,1114000.0,520.0,530.0,540.0,550.0,560.0,570.0,580.0,590.0,600.0,610.0,620.0,630.0,6900.0
2026,Actual,Actuals,Tech,Enterprise Architecture,T1005,OU250,Investment,Daniel Moore,Architecture Strategy,Technology Office,Amanda Lewis,Architecture Transformation,BC10005,API Modernization,Mid Term,Technology,Christopher Hall,Architecture Services,L3005,Enterprise Architecture Office,Strategic,P1,Investment,Shared Services,CapEx,API Platform,New York,110000.0,112000.0,115000.0,118000.0,120000.0,122000.0,125000.0,128000.0,130000.0,132000.0,135000.0,138000.0,1485000.0,700.0,710.0,720.0,730.0,740.0,750.0,760.0,770.0,780.0,790.0,800.0,810.0,9060.0
2026,Actual,Actuals,LOB,Payments,T1006,OU260,Production,Sophia Harris,Payment Processing,Treasury,Matthew Young,Payments Modernization,BC10006,Real Time Payments,Near Term,Business,Andrew King,Payments Tech,L3006,Payments Technology Group,Revenue,P1,Sustainment,Operations,OpEx,RTP Platform,New York,130000.0,132000.0,135000.0,137000.0,140000.0,142000.0,145000.0,148000.0,150000.0,152000.0,155000.0,158000.0,1724000.0,780.0,790.0,800.0,810.0,820.0,830.0,840.0,850.0,860.0,870.0,880.0,890.0,10220.0
2026,Planning,Budget,Tech,AI & Automation,T1007,OU270,Investment,William Walker,Intelligent Automation,Operations Excellence,Megan Allen,Automation Solutions,BC10007,AI Assistant Rollout,Long Term,Technology,Jessica Wright,Automation Engineering,L3007,Enterprise Automation Services,Innovation,P1,Investment,Transformation,CapEx,AI Program,New York,100000.0,102000.0,105000.0,108000.0,110000.0,112000.0,115000.0,118000.0,120000.0,122000.0,125000.0,128000.0,1365000.0,600.0,620.0,640.0,650.0,660.0,670.0,680.0,690.0,700.0,710.0,720.0,730.0,8070.0
2026,Forecast,Q3 Forecast,LOB,Wealth Management,T1008,OU280,Production,James Lopez,Advisor Platforms,Wealth,Patricia Green,Advisor Experience,BC10008,Client Portal Refresh,Mid Term,Business,Steven Baker,Wealth Technology,L3008,Wealth Digital Platforms,Growth,P2,Sustainment,Applications,OpEx,Client Portal,New York,78000.0,80000.0,82000.0,84000.0,86000.0,87000.0,89000.0,90000.0,92000.0,93000.0,95000.0,97000.0,1053000.0,460.0,470.0,480.0,490.0,500.0,510.0,520.0,530.0,540.0,550.0,560.0,570.0,6180.0
2026,Planning,Budget,Tech,Infrastructure Services,T1009,OU290,Production,Charles Adams,Network Engineering,Operations,Nancy Nelson,Network Modernization,BC10009,SD-WAN Deployment,Near Term,Technology,Brian Carter,Network Services,L3009,Global Network Engineering,Efficiency,P3,Sustainment,Infrastructure,OpEx,Network Operations,New York,70000.0,71000.0,72000.0,73000.0,74000.0,75000.0,76000.0,77000.0,78000.0,79000.0,80000.0,81000.0,906000.0,400.0,410.0,420.0,430.0,440.0,450.0,460.0,470.0,480.0,490.0,500.0,510.0,5460.0
2026,Actual,Actuals,LOB,Risk Technology,T1010,OU300,Investment,Ethan Mitchell,Risk Platforms,Risk Management,Karen Perez,Risk Analytics,BC10010,Market Risk Engine Upgrade,Long Term,Business,Susan Roberts,Risk Systems,L3010,Enterprise Risk Technology,Regulatory,P1,Investment,Risk & Compliance,CapEx,Risk Engine,New York,140000.0,142000.0,145000.0,148000.0,150000.0,153000.0,155000.0,158000.0,160000.0,163000.0,165000.0,168000.0,1847000.0,850.0,860.0,870.0,880.0,890.0,900.0,910.0,920.0,930.0,940.0,950.0,960.0,10860.0
