EMPLID,NAME,LAST_NAME,FIRST_NAME,MIDDLE_NAME,EMAIL_ID,HR_STATUS,EMPL_STATUS,WORKER_TYPE,EMPL_TYPE,FULL_PART_TIME,OFF_TITLE,OC_LEVEL,POSITION_NBR,JOBCODE,JOB_LEVEL_DESCRP,ENG_FLAG,JOB_TITLE,JOB_FAMILY_GRP_DESC,JOB_FAMILY_DESC,SUBFAMILY,IS_STOVEPIPE,MANAGER_FLG,TELECOMMUTER,MARKET,TECH_MARKET_TYPE,WORK_LOCATION,WORK_LOC_DESCR,WORK_LOC_DESCR_1,WORK_LOC_ADDR1,WORK_LOC_CITY,WORK_LOC_STATE,WORK_COUNTRY,WORK_LOC_COUNTY,WORK_LOCATION_REGION,MAC_ADDRESS,MAC_FLOOR,MAC_CITYMAC_STATE,Unnamed_38,MAC_ZIP,TOTAL_ORG,Employee_Directs,Contractor_Directs,Consultant_Directs,SPOC,COMPANY_NAME,VENDOR_NAME,VENDOR_PURCHASE_ORDER,YRS_SVC,CONTINUOUS_SERVICE_DATE,HIRE_DT,POSITION_DT,JOB_DT,Fin_LOB,FIN_OC_1,AU,AU_MGR,AU_GROUP,AU_OU,AU_NAME,AU_Level_Base,AULevel_Base_Down_1,AULevel_Base_Down_2,AULevel_Base_Down_3,AULevel_Base_Down_4,AULevel_Base_Down_5,AULevel_Base_Down_6,AULevel_Base_Down_7,AULevel_Base_Down_8,AULevel_Base_Down_9,AULevel_Base_Down_10,SPRVS_ORG_LVL_03_NAME,SPRVS_ORG_LVL_04_NAME,SPRVS_ORG_LVL_05_NAME,SPRVS_ORG_LVL_06_NAME,SPRVS_ORG_LVL_07_NAME,SPRVS_ORG_LVL_08_NAME,SPRVS_ORG_LVL_09_NAME,SPRVS_ORG_LVL_10_NAME,RPTS_TO_MGR_NAME,SPRVS_ORG_LVL_02_MGR_NAME,SPRVS_ORG_LVL_03_MGR_NAME,SPRVS_ORG_LVL_04_MGR_NAME,SPRVS_ORG_LVL_05_MGR_NAME,SPRVS_ORG_LVL_06_MGR_NAME,SPRVS_ORG_LVL_07_MGR_NAME,SPRVS_ORG_LVL_08_MGR_NAME,SPRVS_ORG_LVL_09_MGR_NAME,SPRVS_ORG_LVL_10_MGR_NAME,ROLE_COUNT,ATR_ROLE,TEAM_COUNT,Team_Name,Team_Type,Delivery_Type,PRODUCT_COUNT,Product_ID,L2,L3,L4,IS_COLOCATED_MARKET,IS_COLOCATED_BUILDING,COLOCATED_BUILDING_COUNT,MGR_MARKET,MGR_TECH_MARKET_TYPE,MGR_WORK_LOCATION,MGR_WORK_LOC_DESCR,MGR_WORK_LOC_ADDR1,MGR_WORK_LOC_CITY,MGR_WORK_LOC_STATE,CIO_GROUPS,RTB_Pct_Last_Mon,CTB_Pct_Last_Mon,EMP_ROLE_FUNCTION_Function,EMP_ROLE_FUNCTION_Role,SourceFile,LoadDate,LoadKey,LoadTimestamp,RPTS_TO_MGR_EMAIL,FB_Flag,FB_Request_Type,FB_RequestType_Confirmed,FB_Beeline_AU,FB_Beeline_SourceLoadDate,FB_Beeline_Current_End_Date,FB_MonthEnd
E100001,"Singh, Amara P",Singh,Amara,P,amara.singh@gmail.com,Active,A,Employee,Regular,Full-Time,Data Analyst,AVP,POS300001,JC1001,AVP,N,Data Analyst,Technology,Data & Analytics,Business Intelligence,N,N,N,United States,Onshore,LOC101,New York Office,101 Singh Street,New York,New York,New York County,United States,AMERICAS,17,New York,New York,10037,0,0,0,0,N,HSBC Bank plc,,,17.9,9/17/08,9/17/08,12/17/08,2/2/09,Wealth & Personal Banking,OC11,AU4007,"Tanaka, Isla",GRP201,OU1,Wealth & Personal Banking - Data Ingestion,1,AU4008,AU4009,AU4010,AU4011,AU4012,AU4013,AU4014,AU4015,AU4016,AU4017,Wealth & Personal Banking L3 Org,Wealth & Personal Banking L4 Org,Wealth & Personal Banking L5 Org,Wealth & Personal Banking L6 Org,Wealth & Personal Banking L7 Org,Wealth & Personal Banking L8 Org,Wealth & Personal Banking L9 Org,Wealth & Personal Banking L10 Org,"Tanaka, Isla","Novak, Hiro","Alvarez, Chloe","Whitfield, Devon","Tanaka, Isla","Novak, Hiro","Petrov, Devon","Alvarez, Chloe","Whitfield, Devon","Tanaka, Isla",3,N,1,Data Ingestion,Permanent,Waterfall,4,PRD701,Wealth & Personal Banking,Technology,Data Ingestion,N,N,1,India,Offshore,LOC201,Bengaluru Office,201 Executive Ave,Bengaluru,Karnataka,CIO-Risk,68%,32%,Technology,Data Analyst,Data Analyst,7/31/26,LK2026073101,2026-07-31T02:15:00Z,isla.tanaka@gmail.com,N,,,,,,7/31/26,,
E100002,"Sullivan, Bilal J",Sullivan,Bilal,J,bilal.sullivan@gmail.com,Active,A,Contractor,Contingent,Full-Time,Risk Manager,SVP,POS300002,JC1002,SVP,N,Risk Manager,Risk,Traded Risk,Market Risk,N,N,N,Hong Kong SAR,Offshore,LOC102,Hong Kong Office,102 Sullivan Street,Hong Kong,Central,Hong Kong Island,Hong Kong SAR,ASIA,11,Hong Kong,Central,10074,0,0,0,0,N,N/A,Capgemini,PO500002,18.5,2/23/08,2/23/08,2/13/09,2/5/10,Commercial Banking,OC12,AU4014,"Novak, Hiro",GRP202,OU2,Commercial Banking - Knowledge Graph,3,AU4015,AU4016,AU4017,AU4018,AU4019,AU4020,AU4021,AU4022,AU4023,AU4024,Commercial Banking L3 Org,Commercial Banking L4 Org,Commercial Banking L5 Org,Commercial Banking L6 Org,Commercial Banking L7 Org,Commercial Banking L8 Org,Commercial Banking L9 Org,Commercial Banking L10 Org,"Novak, Hiro","Petrov, Devon","Whitfield, Devon","Tanaka, Isla","Novak, Hiro","Petrov, Devon","Alvarez, Chloe","Whitfield, Devon","Tanaka, Isla","Novak, Hiro",1,N,1,Knowledge Graph,Permanent,Agile,3,PRD702,Commercial Banking,Risk,Knowledge Graph,N,N,0,Poland,Onshore,LOC202,Krakow Office,202 Executive Ave,Krakow,Malopolskie,CIO-Data,45%,55%,Risk,Risk Manager,Risk Manager,7/31/26,LK2026073102,2026-07-31T02:15:00Z,hiro.novak@gmail.com,N,,,AU4014,7/31/26,12/31/26,7/31/26,,
E100003,"Blackwood, Chloe N",Blackwood,Chloe,N,chloe.blackwood@gmail.com,Active,A,Contractor,Contingent,Full-Time,Project Manager,VP,POS300003,JC1003,VP,N,Project Manager,Technology,Delivery,Program Management,N,N,Y,India,Offshore,LOC103,Bengaluru Office,103 Blackwood Street,Bengaluru,Karnataka,Bengaluru Urban,India,ASIA,9,Bengaluru,Karnataka,10111,0,0,0,0,N,N/A,Infosys,PO500003,16.4,3/3/10,3/3/10,4/6/12,9/29/12,Global Banking,OC13,AU4021,"Petrov, Devon",GRP203,OU3,Global Banking - Schema Governance,1,AU4022,AU4023,AU4024,AU4025,AU4026,AU4027,AU4028,AU4029,AU4030,AU4031,Global Banking L3 Org,Global Banking L4 Org,Global Banking L5 Org,Global Banking L6 Org,Global Banking L7 Org,Global Banking L8 Org,Global Banking L9 Org,Global Banking L10 Org,"Petrov, Devon","Alvarez, Chloe","Tanaka, Isla","Novak, Hiro","Petrov, Devon","Alvarez, Chloe","Whitfield, Devon","Tanaka, Isla","Novak, Hiro","Petrov, Devon",3,N,2,Schema Governance,Permanent,Waterfall,1,PRD703,Global Banking,Technology,Schema Governance,Y,N,3,Singapore,Offshore,LOC203,Singapore Office,203 Executive Ave,Singapore,Singapore,CIO-Digital,45%,55%,Technology,Project Manager,Project Manager,7/31/26,LK2026073103,2026-07-31T02:15:00Z,devon.petrov@gmail.com,N,,,AU4021,7/31/26,12/31/26,7/31/26,,
E100004,"Kowalski, Devon K",Kowalski,Devon,K,devon.kowalski@gmail.com,Active,A,Contractor,Contingent,Full-Time,DevOps Engineer,AVP,POS300004,JC1004,AVP,Y,DevOps Engineer,Technology,Engineering,Infrastructure,N,N,N,Poland,Onshore,LOC104,Krakow Office,104 Kowalski Street,Krakow,Malopolskie,Krakow,Poland,EMEA,7,Krakow,Malopolskie,10148,0,0,0,0,N,N/A,Infosys,PO500004,4.5,2/5/22,2/5/22,8/24/25,2/25/26,Global Markets,OC14,AU4028,"Alvarez, Chloe",GRP204,OU4,Global Markets - Core Banking Integration,1,AU4029,AU4030,AU4031,AU4032,AU4033,AU4034,AU4035,AU4036,AU4037,AU4038,Global Markets L3 Org,Global Markets L4 Org,Global Markets L5 Org,Global Markets L6 Org,Global Markets L7 Org,Global Markets L8 Org,Global Markets L9 Org,Global Markets L10 Org,"Alvarez, Chloe","Whitfield, Devon","Novak, Hiro","Petrov, Devon","Alvarez, Chloe","Whitfield, Devon","Tanaka, Isla","Novak, Hiro","Petrov, Devon","Alvarez, Chloe",1,Y,1,Core Banking Integration,Permanent,Agile,3,PRD704,Global Markets,Technology,Core Banking Integration,N,Y,0,Canada,Onshore,LOC204,Toronto Office,204 Executive Ave,Toronto,Ontario,CIO-Markets,54%,46%,Technology,DevOps Engineer,DevOps Engineer,7/31/26,LK2026073104,2026-07-31T02:15:00Z,chloe.alvarez@gmail.com,N,,,AU4028,7/31/26,12/31/26,7/31/26,,
E100005,"Carter, Elena D",Carter,Elena,D,elena.carter@gmail.com,Active,A,Contractor,Contingent,Full-Time,Business Analyst,Associate,POS300005,JC1005,Associate,N,Business Analyst,Technology,Business Analysis,Requirements,N,N,N,Singapore,Offshore,LOC105,Singapore Office,105 Carter Street,Singapore,Singapore,Singapore,Singapore,ASIA,12,Singapore,Singapore,10185,0,0,0,0,N,N/A,Cognizant,PO500005,10.1,7/10/16,7/10/16,3/1/18,10/19/18,Wealth & Personal Banking,OC15,AU4035,"Whitfield, Devon",GRP205,OU5,Wealth & Personal Banking - Market Risk Analytics,2,AU4036,AU4037,AU4038,AU4039,AU4040,AU4041,AU4042,AU4043,AU4044,AU4045,Wealth & Personal Banking L3 Org,Wealth & Personal Banking L4 Org,Wealth & Personal Banking L5 Org,Wealth & Personal Banking L6 Org,Wealth & Personal Banking L7 Org,Wealth & Personal Banking L8 Org,Wealth & Personal Banking L9 Org,Wealth & Personal Banking L10 Org,"Whitfield, Devon","Tanaka, Isla","Petrov, Devon","Alvarez, Chloe","Whitfield, Devon","Tanaka, Isla","Novak, Hiro","Petrov, Devon","Alvarez, Chloe","Whitfield, Devon",2,N,2,Market Risk Analytics,Matrixed,Waterfall,2,PRD705,Wealth & Personal Banking,Technology,Market Risk Analytics,N,N,2,France,Onshore,LOC205,Paris Office,205 Executive Ave,Paris,Ile-de-France,CIO-Risk,84%,16%,Technology,Business Analyst,Business Analyst,7/31/26,LK2026073105,2026-07-31T02:15:00Z,devon.whitfield@gmail.com,N,,,AU4035,7/31/26,12/31/26,7/31/26,,
E100006,"Alvarez, Farid C",Alvarez,Farid,C,farid.alvarez@gmail.com,Active,A,Contractor,Contingent,Full-Time,QA Engineer,Associate,POS300006,JC1006,Associate,Y,QA Engineer,Technology,Engineering,Quality Assurance,N,Y,Y,Canada,Onshore,LOC106,Toronto Office,106 Alvarez Street,Toronto,Ontario,Toronto,Canada,AMERICAS,9,Toronto,Ontario,10222,25,10,1,0,N,N/A,Capgemini,PO500006,4.9,8/30/21,8/30/21,4/21/25,7/17/25,Commercial Banking,OC16,AU4042,"Tanaka, Isla",GRP206,OU6,Commercial Banking - Client Onboarding,2,AU4043,AU4044,AU4045,AU4046,AU4047,AU4048,AU4049,AU4050,AU4051,AU4052,Commercial Banking L3 Org,Commercial Banking L4 Org,Commercial Banking L5 Org,Commercial Banking L6 Org,Commercial Banking L7 Org,Commercial Banking L8 Org,Commercial Banking L9 Org,Commercial Banking L10 Org,"Tanaka, Isla","Novak, Hiro","Alvarez, Chloe","Whitfield, Devon","Tanaka, Isla","Novak, Hiro","Petrov, Devon","Alvarez, Chloe","Whitfield, Devon","Tanaka, Isla",3,N,2,Client Onboarding,Permanent,Agile,1,PRD706,Commercial Banking,Technology,Client Onboarding,N,N,1,United Kingdom,Onshore,LOC206,London Office,206 Executive Ave,London,London,CIO-Data,42%,58%,Technology,QA Engineer,QA Engineer,7/31/26,LK2026073106,2026-07-31T02:15:00Z,isla.tanaka@gmail.com,N,,,AU4042,7/31/26,12/31/26,7/31/26,,
E100007,"Okoro, Grace L",Okoro,Grace,L,grace.okoro@gmail.com,Active,A,Employee,Regular,Full-Time,Solutions Architect,SVP,POS300007,JC1007,SVP,Y,Solutions Architect,Technology,Architecture,Enterprise Architecture,N,N,N,France,Onshore,LOC107,Paris Office,107 Okoro Street,Paris,Ile-de-France,Paris,France,EMEA,11,Paris,Ile-de-France,10259,0,0,0,0,N,HSBC Global Services,,,9.6,12/30/16,12/30/16,7/31/18,9/2/18,Global Banking,OC17,AU4049,"Novak, Hiro",GRP207,OU7,Global Banking - Traded Risk Platform,2,AU4050,AU4051,AU4052,AU4053,AU4054,AU4055,AU4056,AU4057,AU4058,AU4059,Global Banking L3 Org,Global Banking L4 Org,Global Banking L5 Org,Global Banking L6 Org,Global Banking L7 Org,Global Banking L8 Org,Global Banking L9 Org,Global Banking L10 Org,"Novak, Hiro","Petrov, Devon","Whitfield, Devon","Tanaka, Isla","Novak, Hiro","Petrov, Devon","Alvarez, Chloe","Whitfield, Devon","Tanaka, Isla","Novak, Hiro",3,N,2,Traded Risk Platform,Permanent,Waterfall,4,PRD707,Global Banking,Technology,Traded Risk Platform,N,N,3,United States,Onshore,LOC207,New York Office,207 Executive Ave,New York,New York,CIO-Digital,49%,51%,Technology,Solutions Architect,Solutions Architect,7/31/26,LK2026073107,2026-07-31T02:15:00Z,hiro.novak@gmail.com,N,,,,,,7/31/26,,
E100008,"Novak, Hiro J",Novak,Hiro,J,hiro.novak@gmail.com,Active,A,Contractor,Contingent,Full-Time,Software Engineer,VP,POS300008,JC1008,VP,Y,Software Engineer,Technology,Engineering,Applications Development,N,N,N,United Kingdom,Onshore,LOC108,London Office,108 Novak Street,London,London,Greater London,United Kingdom,EMEA,18,London,London,10296,0,0,0,0,N,N/A,Infosys,PO500008,15.5,2/17/11,2/17/11,8/5/12,8/21/13,Global Markets,OC18,AU4056,"Petrov, Devon",GRP208,OU8,Global Markets - Data Ingestion,3,AU4057,AU4058,AU4059,AU4060,AU4061,AU4062,AU4063,AU4064,AU4065,AU4066,Global Markets L3 Org,Global Markets L4 Org,Global Markets L5 Org,Global Markets L6 Org,Global Markets L7 Org,Global Markets L8 Org,Global Markets L9 Org,Global Markets L10 Org,"Petrov, Devon","Alvarez, Chloe","Tanaka, Isla","Novak, Hiro","Petrov, Devon","Alvarez, Chloe","Whitfield, Devon","Tanaka, Isla","Novak, Hiro","Petrov, Devon",3,Y,2,Data Ingestion,Permanent,Agile,4,PRD708,Global Markets,Technology,Data Ingestion,N,Y,2,Hong Kong SAR,Offshore,LOC208,Hong Kong Office,208 Executive Ave,Hong Kong,Central,CIO-Markets,54%,46%,Technology,Software Engineer,Software Engineer,7/31/26,LK2026073108,2026-07-31T02:15:00Z,devon.petrov@gmail.com,N,,,AU4056,7/31/26,12/31/26,7/31/26,,
E100009,"Tanaka, Isla E",Tanaka,Isla,E,isla.tanaka@gmail.com,Active,A,Employee,Regular,Part-Time,Data Analyst,AVP,POS300009,JC1009,AVP,N,Data Analyst,Technology,Data & Analytics,Business Intelligence,N,N,Y,United States,Onshore,LOC109,New York Office,109 Tanaka Street,New York,New York,New York County,United States,AMERICAS,5,New York,New York,10333,0,0,0,0,N,HSBC Bank plc,,,7.2,6/6/19,6/6/19,4/11/22,5/27/22,Wealth & Personal Banking,OC19,AU4063,"Alvarez, Chloe",GRP209,OU9,Wealth & Personal Banking - Knowledge Graph,2,AU4064,AU4065,AU4066,AU4067,AU4068,AU4069,AU4070,AU4071,AU4072,AU4073,Wealth & Personal Banking L3 Org,Wealth & Personal Banking L4 Org,Wealth & Personal Banking L5 Org,Wealth & Personal Banking L6 Org,Wealth & Personal Banking L7 Org,Wealth & Personal Banking L8 Org,Wealth & Personal Banking L9 Org,Wealth & Personal Banking L10 Org,"Alvarez, Chloe","Whitfield, Devon","Novak, Hiro","Petrov, Devon","Alvarez, Chloe","Whitfield, Devon","Tanaka, Isla","Novak, Hiro","Petrov, Devon","Alvarez, Chloe",3,N,2,Knowledge Graph,Permanent,Waterfall,1,PRD709,Wealth & Personal Banking,Technology,Knowledge Graph,N,N,3,India,Offshore,LOC209,Bengaluru Office,209 Executive Ave,Bengaluru,Karnataka,CIO-Risk,64%,36%,Technology,Data Analyst,Data Analyst,7/31/26,LK2026073109,2026-07-31T02:15:00Z,chloe.alvarez@gmail.com,N,,,,,,7/31/26,,
E100010,"Iyer, Jayden R",Iyer,Jayden,R,jayden.iyer@gmail.com,Active,A,Employee,Regular,Full-Time,Risk Manager,SVP,POS300010,JC1010,SVP,N,Risk Manager,Risk,Traded Risk,Market Risk,N,N,N,Hong Kong SAR,Offshore,LOC110,Hong Kong Office,110 Iyer Street,Hong Kong,Central,Hong Kong Island,Hong Kong SAR,ASIA,4,Hong Kong,Central,10370,0,0,0,0,Y,HSBC Global Services,,,6.7,11/13/19,11/13/19,5/10/21,2/17/22,Commercial Banking,OC20,AU4070,"Whitfield, Devon",GRP210,OU10,Commercial Banking - Schema Governance,3,AU4071,AU4072,AU4073,AU4074,AU4075,AU4076,AU4077,AU4078,AU4079,AU4080,Commercial Banking L3 Org,Commercial Banking L4 Org,Commercial Banking L5 Org,Commercial Banking L6 Org,Commercial Banking L7 Org,Commercial Banking L8 Org,Commercial Banking L9 Org,Commercial Banking L10 Org,"Whitfield, Devon","Tanaka, Isla","Petrov, Devon","Alvarez, Chloe","Whitfield, Devon","Tanaka, Isla","Novak, Hiro","Petrov, Devon","Alvarez, Chloe","Whitfield, Devon",3,N,2,Schema Governance,Matrixed,Agile,1,PRD710,Commercial Banking,Risk,Schema Governance,N,N,2,Poland,Onshore,LOC210,Krakow Office,210 Executive Ave,Krakow,Malopolskie,CIO-Data,67%,33%,Risk,Risk Manager,Risk Manager,7/31/26,LK2026073110,2026-07-31T02:15:00Z,devon.whitfield@gmail.com,N,,,,,,7/31/26,,
E100011,"Dubois, Kavya F",Dubois,Kavya,F,kavya.dubois@gmail.com,Active,A,Contractor,Contingent,Full-Time,Project Manager,VP,POS300011,JC1011,VP,N,Project Manager,Technology,Delivery,Program Management,N,N,N,India,Offshore,LOC111,Bengaluru Office,111 Dubois Street,Bengaluru,Karnataka,Bengaluru Urban,India,ASIA,9,Bengaluru,Karnataka,10407,0,0,0,0,N,N/A,Cognizant,PO500011,8.4,3/5/18,3/5/18,4/10/18,4/14/19,Global Banking,OC21,AU4077,"Tanaka, Isla",GRP211,OU11,Global Banking - Core Banking Integration,2,AU4078,AU4079,AU4080,AU4081,AU4082,AU4083,AU4084,AU4085,AU4086,AU4087,Global Banking L3 Org,Global Banking L4 Org,Global Banking L5 Org,Global Banking L6 Org,Global Banking L7 Org,Global Banking L8 Org,Global Banking L9 Org,Global Banking L10 Org,"Tanaka, Isla","Novak, Hiro","Alvarez, Chloe","Whitfield, Devon","Tanaka, Isla","Novak, Hiro","Petrov, Devon","Alvarez, Chloe","Whitfield, Devon","Tanaka, Isla",3,N,1,Core Banking Integration,Permanent,Waterfall,3,PRD711,Global Banking,Technology,Core Banking Integration,Y,N,1,Singapore,Offshore,LOC211,Singapore Office,211 Executive Ave,Singapore,Singapore,CIO-Digital,49%,51%,Technology,Project Manager,Project Manager,7/31/26,LK2026073111,2026-07-31T02:15:00Z,isla.tanaka@gmail.com,N,,,AU4077,7/31/26,12/31/26,7/31/26,,
E100012,"Nakamura, Liam M",Nakamura,Liam,M,liam.nakamura@gmail.com,Active,A,Contractor,Contingent,Full-Time,DevOps Engineer,AVP,POS300012,JC1012,AVP,Y,DevOps Engineer,Technology,Engineering,Infrastructure,N,Y,Y,Poland,Onshore,LOC112,Krakow Office,112 Nakamura Street,Krakow,Malopolskie,Krakow,Poland,EMEA,1,Krakow,Malopolskie,10444,22,10,0,2,N,N/A,Capgemini,PO500012,15,8/16/11,8/16/11,9/23/14,10/26/15,Global Markets,OC22,AU4084,"Novak, Hiro",GRP212,OU12,Global Markets - Market Risk Analytics,1,AU4085,AU4086,AU4087,AU4088,AU4089,AU4090,AU4091,AU4092,AU4093,AU4094,Global Markets L3 Org,Global Markets L4 Org,Global Markets L5 Org,Global Markets L6 Org,Global Markets L7 Org,Global Markets L8 Org,Global Markets L9 Org,Global Markets L10 Org,"Novak, Hiro","Petrov, Devon","Whitfield, Devon","Tanaka, Isla","Novak, Hiro","Petrov, Devon","Alvarez, Chloe","Whitfield, Devon","Tanaka, Isla","Novak, Hiro",2,Y,2,Market Risk Analytics,Permanent,Agile,2,PRD712,Global Markets,Technology,Market Risk Analytics,N,Y,0,Canada,Onshore,LOC212,Toronto Office,212 Executive Ave,Toronto,Ontario,CIO-Markets,55%,45%,Technology,DevOps Engineer,DevOps Engineer,7/31/26,LK2026073112,2026-07-31T02:15:00Z,hiro.novak@gmail.com,N,,,AU4084,7/31/26,12/31/26,7/31/26,,
E100013,"Mensah, Mei C",Mensah,Mei,C,mei.mensah@gmail.com,Active,A,Contractor,Contingent,Full-Time,Business Analyst,Associate,POS300013,JC1013,Associate,N,Business Analyst,Technology,Business Analysis,Requirements,N,N,N,Singapore,Offshore,LOC113,Singapore Office,113 Mensah Street,Singapore,Singapore,Singapore,Singapore,ASIA,5,Singapore,Singapore,10481,0,0,0,0,N,N/A,Infosys,PO500013,16.7,12/2/09,12/2/09,9/22/12,10/27/12,Wealth & Personal Banking,OC23,AU4091,"Petrov, Devon",GRP213,OU13,Wealth & Personal Banking - Client Onboarding,2,AU4092,AU4093,AU4094,AU4095,AU4096,AU4097,AU4098,AU4099,AU4100,AU4101,Wealth & Personal Banking L3 Org,Wealth & Personal Banking L4 Org,Wealth & Personal Banking L5 Org,Wealth & Personal Banking L6 Org,Wealth & Personal Banking L7 Org,Wealth & Personal Banking L8 Org,Wealth & Personal Banking L9 Org,Wealth & Personal Banking L10 Org,"Petrov, Devon","Alvarez, Chloe","Tanaka, Isla","Novak, Hiro","Petrov, Devon","Alvarez, Chloe","Whitfield, Devon","Tanaka, Isla","Novak, Hiro","Petrov, Devon",3,N,2,Client Onboarding,Permanent,Waterfall,2,PRD713,Wealth & Personal Banking,Technology,Client Onboarding,N,N,2,France,Onshore,LOC213,Paris Office,213 Executive Ave,Paris,Ile-de-France,CIO-Risk,73%,27%,Technology,Business Analyst,Business Analyst,7/31/26,LK2026073113,2026-07-31T02:15:00Z,devon.petrov@gmail.com,N,,,AU4091,7/31/26,12/31/26,7/31/26,,
E100014,"Marchetti, Noor P",Marchetti,Noor,P,noor.marchetti@gmail.com,Active,A,Contractor,Contingent,Full-Time,QA Engineer,Associate,POS300014,JC1014,Associate,Y,QA Engineer,Technology,Engineering,Quality Assurance,N,N,N,Canada,Onshore,LOC114,Toronto Office,114 Marchetti Street,Toronto,Ontario,Toronto,Canada,AMERICAS,7,Toronto,Ontario,10518,0,0,0,0,N,N/A,Cognizant,PO500014,13.8,10/1/12,10/1/12,11/9/15,11/29/16,Commercial Banking,OC24,AU4098,"Alvarez, Chloe",GRP214,OU14,Commercial Banking - Traded Risk Platform,3,AU4099,AU4100,AU4101,AU4102,AU4103,AU4104,AU4105,AU4106,AU4107,AU4108,Commercial Banking L3 Org,Commercial Banking L4 Org,Commercial Banking L5 Org,Commercial Banking L6 Org,Commercial Banking L7 Org,Commercial Banking L8 Org,Commercial Banking L9 Org,Commercial Banking L10 Org,"Alvarez, Chloe","Whitfield, Devon","Novak, Hiro","Petrov, Devon","Alvarez, Chloe","Whitfield, Devon","Tanaka, Isla","Novak, Hiro","Petrov, Devon","Alvarez, Chloe",2,N,2,Traded Risk Platform,Permanent,Agile,4,PRD714,Commercial Banking,Technology,Traded Risk Platform,N,N,3,United Kingdom,Onshore,LOC214,London Office,214 Executive Ave,London,London,CIO-Data,47%,53%,Technology,QA Engineer,QA Engineer,7/31/26,LK2026073114,2026-07-31T02:15:00Z,chloe.alvarez@gmail.com,N,,,AU4098,7/31/26,12/31/26,7/31/26,,
E100015,"Haddad, Oscar H",Haddad,Oscar,H,oscar.haddad@gmail.com,Active,A,Employee,Regular,Full-Time,Solutions Architect,SVP,POS300015,JC1015,SVP,Y,Solutions Architect,Technology,Architecture,Enterprise Architecture,N,N,Y,France,Onshore,LOC115,Paris Office,115 Haddad Street,Paris,Ile-de-France,Paris,France,EMEA,18,Paris,Ile-de-France,10555,0,0,0,0,N,HSBC Global Services,,,13.6,1/14/13,1/14/13,6/24/13,12/14/13,Global Banking,OC25,AU4105,"Whitfield, Devon",GRP215,OU0,Global Banking - Data Ingestion,2,AU4106,AU4107,AU4108,AU4109,AU4110,AU4111,AU4112,AU4113,AU4114,AU4115,Global Banking L3 Org,Global Banking L4 Org,Global Banking L5 Org,Global Banking L6 Org,Global Banking L7 Org,Global Banking L8 Org,Global Banking L9 Org,Global Banking L10 Org,"Whitfield, Devon","Tanaka, Isla","Petrov, Devon","Alvarez, Chloe","Whitfield, Devon","Tanaka, Isla","Novak, Hiro","Petrov, Devon","Alvarez, Chloe","Whitfield, Devon",3,N,1,Data Ingestion,Matrixed,Waterfall,1,PRD715,Global Banking,Technology,Data Ingestion,N,N,0,United States,Onshore,LOC215,New York Office,215 Executive Ave,New York,New York,CIO-Digital,85%,15%,Technology,Solutions Architect,Solutions Architect,7/31/26,LK2026073115,2026-07-31T02:15:00Z,devon.whitfield@gmail.com,N,,,,,,7/31/26,,
E100016,"Reyes, Priya B",Reyes,Priya,B,priya.reyes@gmail.com,Active,A,Employee,Regular,Full-Time,Software Engineer,VP,POS300016,JC1016,VP,Y,Software Engineer,Technology,Engineering,Applications Development,N,N,N,United Kingdom,Onshore,LOC116,London Office,116 Reyes Street,London,London,Greater London,United Kingdom,EMEA,17,London,London,10592,0,0,0,0,N,HSBC Bank plc,,,13.5,2/18/13,2/18/13,8/5/13,8/21/13,Global Markets,OC26,AU4112,"Tanaka, Isla",GRP216,OU1,Global Markets - Knowledge Graph,2,AU4113,AU4114,AU4115,AU4116,AU4117,AU4118,AU4119,AU4120,AU4121,AU4122,Global Markets L3 Org,Global Markets L4 Org,Global Markets L5 Org,Global Markets L6 Org,Global Markets L7 Org,Global Markets L8 Org,Global Markets L9 Org,Global Markets L10 Org,"Tanaka, Isla","Novak, Hiro","Alvarez, Chloe","Whitfield, Devon","Tanaka, Isla","Novak, Hiro","Petrov, Devon","Alvarez, Chloe","Whitfield, Devon","Tanaka, Isla",2,Y,2,Knowledge Graph,Permanent,Agile,2,PRD716,Global Markets,Technology,Knowledge Graph,N,Y,1,Hong Kong SAR,Offshore,LOC216,Hong Kong Office,216 Executive Ave,Hong Kong,Central,CIO-Markets,86%,14%,Technology,Software Engineer,Software Engineer,7/31/26,LK2026073116,2026-07-31T02:15:00Z,isla.tanaka@gmail.com,N,,,,,,7/31/26,,
E100017,"Fontaine, Quinn S",Fontaine,Quinn,S,quinn.fontaine@gmail.com,Active,A,Employee,Regular,Full-Time,Data Analyst,AVP,POS300017,JC1017,AVP,N,Data Analyst,Technology,Data & Analytics,Business Intelligence,N,N,N,United States,Onshore,LOC117,New York Office,117 Fontaine Street,New York,New York,New York County,United States,AMERICAS,4,New York,New York,10629,0,0,0,0,N,HSBC Bank plc,,,13.1,6/13/13,6/13/13,3/7/16,10/1/16,Wealth & Personal Banking,OC27,AU4119,"Novak, Hiro",GRP217,OU2,Wealth & Personal Banking - Schema Governance,4,AU4120,AU4121,AU4122,AU4123,AU4124,AU4125,AU4126,AU4127,AU4128,AU4129,Wealth & Personal Banking L3 Org,Wealth & Personal Banking L4 Org,Wealth & Personal Banking L5 Org,Wealth & Personal Banking L6 Org,Wealth & Personal Banking L7 Org,Wealth & Personal Banking L8 Org,Wealth & Personal Banking L9 Org,Wealth & Personal Banking L10 Org,"Novak, Hiro","Petrov, Devon","Whitfield, Devon","Tanaka, Isla","Novak, Hiro","Petrov, Devon","Alvarez, Chloe","Whitfield, Devon","Tanaka, Isla","Novak, Hiro",2,N,2,Schema Governance,Permanent,Waterfall,4,PRD717,Wealth & Personal Banking,Technology,Schema Governance,N,N,3,India,Offshore,LOC217,Bengaluru Office,217 Executive Ave,Bengaluru,Karnataka,CIO-Risk,86%,14%,Technology,Data Analyst,Data Analyst,7/31/26,LK2026073117,2026-07-31T02:15:00Z,hiro.novak@gmail.com,N,,,,,,7/31/26,,
E100018,"Ibrahim, Rosa B",Ibrahim,Rosa,B,rosa.ibrahim@gmail.com,Active,A,Employee,Regular,Part-Time,Risk Manager,SVP,POS300018,JC1018,SVP,N,Risk Manager,Risk,Traded Risk,Market Risk,N,Y,Y,Hong Kong SAR,Offshore,LOC118,Hong Kong Office,118 Ibrahim Street,Hong Kong,Central,Hong Kong Island,Hong Kong SAR,ASIA,7,Hong Kong,Central,10666,14,3,0,1,N,HSBC Bank plc,,,3.5,2/7/23,2/7/23,11/6/26,10/2/27,Commercial Banking,OC28,AU4126,"Petrov, Devon",GRP218,OU3,Commercial Banking - Core Banking Integration,2,AU4127,AU4128,AU4129,AU4130,AU4131,AU4132,AU4133,AU4134,AU4135,AU4136,Commercial Banking L3 Org,Commercial Banking L4 Org,Commercial Banking L5 Org,Commercial Banking L6 Org,Commercial Banking L7 Org,Commercial Banking L8 Org,Commercial Banking L9 Org,Commercial Banking L10 Org,"Petrov, Devon","Alvarez, Chloe","Tanaka, Isla","Novak, Hiro","Petrov, Devon","Alvarez, Chloe","Whitfield, Devon","Tanaka, Isla","Novak, Hiro","Petrov, Devon",3,N,2,Core Banking Integration,Permanent,Agile,2,PRD718,Commercial Banking,Risk,Core Banking Integration,N,N,3,Poland,Onshore,LOC218,Krakow Office,218 Executive Ave,Krakow,Malopolskie,CIO-Data,51%,49%,Risk,Risk Manager,Risk Manager,7/31/26,LK2026073118,2026-07-31T02:15:00Z,devon.petrov@gmail.com,N,,,,,,7/31/26,,
E100019,"Petrov, Sami J",Petrov,Sami,J,sami.petrov@gmail.com,Active,A,Contractor,Contingent,Full-Time,Project Manager,VP,POS300019,JC1019,VP,N,Project Manager,Technology,Delivery,Program Management,N,N,N,India,Offshore,LOC119,Bengaluru Office,119 Petrov Street,Bengaluru,Karnataka,Bengaluru Urban,India,ASIA,18,Bengaluru,Karnataka,10703,0,0,0,0,N,N/A,Capgemini,PO500019,8.2,5/17/18,5/17/18,11/9/19,12/17/19,Global Banking,OC29,AU4133,"Alvarez, Chloe",GRP219,OU4,Global Banking - Market Risk Analytics,1,AU4134,AU4135,AU4136,AU4137,AU4138,AU4139,AU4140,AU4141,AU4142,AU4143,Global Banking L3 Org,Global Banking L4 Org,Global Banking L5 Org,Global Banking L6 Org,Global Banking L7 Org,Global Banking L8 Org,Global Banking L9 Org,Global Banking L10 Org,"Alvarez, Chloe","Whitfield, Devon","Novak, Hiro","Petrov, Devon","Alvarez, Chloe","Whitfield, Devon","Tanaka, Isla","Novak, Hiro","Petrov, Devon","Alvarez, Chloe",1,N,1,Market Risk Analytics,Permanent,Waterfall,1,PRD719,Global Banking,Technology,Market Risk Analytics,Y,N,1,Singapore,Offshore,LOC219,Singapore Office,219 Executive Ave,Singapore,Singapore,CIO-Digital,50%,50%,Technology,Project Manager,Project Manager,7/31/26,LK2026073119,2026-07-31T02:15:00Z,chloe.alvarez@gmail.com,N,,,AU4133,7/31/26,12/31/26,7/31/26,,
E100020,"Whitfield, Tara P",Whitfield,Tara,P,tara.whitfield@gmail.com,Active,A,Contractor,Contingent,Full-Time,DevOps Engineer,AVP,POS300020,JC1020,AVP,Y,DevOps Engineer,Technology,Engineering,Infrastructure,N,N,N,Poland,Onshore,LOC120,Krakow Office,120 Whitfield Street,Krakow,Malopolskie,Krakow,Poland,EMEA,2,Krakow,Malopolskie,10740,0,0,0,0,Y,N/A,Capgemini,PO500020,7.7,11/22/18,11/22/18,9/2/21,12/20/21,Global Markets,OC30,AU4140,"Whitfield, Devon",GRP220,OU5,Global Markets - Client Onboarding,2,AU4141,AU4142,AU4143,AU4144,AU4145,AU4146,AU4147,AU4148,AU4149,AU4150,Global Markets L3 Org,Global Markets L4 Org,Global Markets L5 Org,Global Markets L6 Org,Global Markets L7 Org,Global Markets L8 Org,Global Markets L9 Org,Global Markets L10 Org,"Whitfield, Devon","Tanaka, Isla","Petrov, Devon","Alvarez, Chloe","Whitfield, Devon","Tanaka, Isla","Novak, Hiro","Petrov, Devon","Alvarez, Chloe","Whitfield, Devon",2,Y,1,Client Onboarding,Matrixed,Agile,4,PRD720,Global Markets,Technology,Client Onboarding,N,Y,2,Canada,Onshore,LOC220,Toronto Office,220 Executive Ave,Toronto,Ontario,CIO-Markets,90%,10%,Technology,DevOps Engineer,DevOps Engineer,7/31/26,LK2026073120,2026-07-31T02:15:00Z,devon.whitfield@gmail.com,N,,,AU4140,7/31/26,12/31/26,7/31/26,,
