Graph_Namespace,Vendor_ID,Contract_ID,Service_ID,BCID,Tech_ID,Organization_ID,Product_ID,Effective_From,Effective_To
synthetic-pack-20260928,V-001,CTR-001,SVC-001,BC20001,T2001,ORG-01,PROD-01,2025-01-01,2026-12-27
synthetic-pack-20260928,V-002,CTR-002,SVC-002,BC20002,T2002,ORG-02,PROD-02,2025-01-01,2027-03-27
synthetic-pack-20260928,V-003,CTR-003,SVC-003,BC20003,T2003,ORG-03,PROD-03,2025-01-01,2027-01-26
synthetic-pack-20260928,V-004,CTR-004,SVC-004,BC20004,T2004,ORG-04,PROD-04,2025-01-01,2027-05-26
synthetic-pack-20260928,V-005,CTR-005,SVC-005,BC20005,T2005,ORG-01,PROD-01,2025-01-01,2026-10-13
synthetic-pack-20260928,V-006,CTR-006,SVC-006,BC20006,T2006,ORG-02,PROD-02,2025-01-01,2027-09-28
synthetic-pack-20260928,V-007,CTR-007,SVC-007,BC20007,T2007,ORG-03,PROD-03,2025-01-01,2026-11-27
synthetic-pack-20260928,V-008,CTR-008,SVC-008,BC20008,T2008,ORG-04,PROD-04,2025-01-01,2027-06-25
synthetic-pack-20260928,V-009,CTR-009,SVC-009,BC20009,T2009,ORG-01,PROD-01,2025-01-01,2026-11-12
synthetic-pack-20260928,V-010,CTR-010,SVC-010,BC20010,T2010,ORG-02,PROD-02,2025-01-01,2027-02-25
synthetic-pack-20260928,V-011,CTR-011,SVC-011,BC20011,T2011,ORG-03,PROD-03,2025-01-01,2027-04-26
synthetic-pack-20260928,V-012,CTR-012,SVC-012,BC20012,T2012,ORG-04,PROD-04,2025-01-01,2027-08-24
synthetic-pack-20260928,V-013,CTR-013,SVC-013,BC20013,T2013,ORG-01,PROD-01,2025-01-01,2026-12-12
synthetic-pack-20260928,V-014,CTR-014,SVC-014,BC20014,T2014,ORG-02,PROD-02,2025-01-01,2027-01-16
synthetic-pack-20260928,V-015,CTR-015,SVC-015,BC20015,T2015,ORG-03,PROD-03,2025-01-01,2027-07-25
synthetic-pack-20260928,V-016,CTR-016,SVC-016,BC20016,T2016,ORG-04,PROD-04,2025-01-01,2027-04-16
synthetic-pack-20260928,V-017,CTR-017,SVC-017,BC20017,T2017,ORG-01,PROD-01,2025-01-01,2027-11-02
synthetic-pack-20260928,V-018,CTR-018,SVC-018,BC20018,T2018,ORG-02,PROD-02,2025-01-01,2026-10-28
synthetic-pack-20260928,V-019,CTR-019,SVC-019,BC20019,T2019,ORG-03,PROD-03,2025-01-01,2027-03-07
synthetic-pack-20260928,V-020,CTR-020,SVC-020,BC20020,T2020,ORG-04,PROD-04,2025-01-01,2027-06-05
