Graph_Namespace,Vendor_ID,Vendor_Name,Contract_ID,Contract_Description,Contract_Start_Date,Contract_End_Date,Contract_Format,VRM_ID,BCID,Tech_ID,Organization_ID,Product_ID,Service_ID,SOW_ID,SLA_ID,Risk_Assessment_ID,Issue_ID,Contract_Document_ID,Dependency_Document_ID,SLA_Risk_Document_ID,Snapshot_ID,As_Of_Date
synthetic-pack-20260928,V-001,Aurelix Codeworks,CTR-001,L3 payment application support,2025-01-01,2026-12-27,Capacity support schedule,VRM300001,BC20001,T2001,ORG-01,PROD-01,SVC-001,SOW-001,SLA-001,RA-001,ISSUE-001,V-001_contract_sow,V-001_dependency_register,V-001_sla_risk_pack,SNAP-20260928,2026-09-28
synthetic-pack-20260928,V-002,Velmora Cloud Operations,CTR-002,Cloud platform operations,2025-01-01,2027-03-27,Managed service agreement,VRM300002,BC20002,T2002,ORG-02,PROD-02,SVC-002,SOW-002,SLA-002,RA-002,ISSUE-002,V-002_contract_sow,V-002_dependency_register,V-002_sla_risk_pack,SNAP-20260928,2026-09-28
synthetic-pack-20260928,V-003,Cindervale Cyber Services,CTR-003,Security operations monitoring,2025-01-01,2027-01-26,Managed service agreement,VRM300003,BC20003,T2003,ORG-03,PROD-03,SVC-003,SOW-003,SLA-003,RA-003,ISSUE-003,V-003_contract_sow,V-003_dependency_register,V-003_sla_risk_pack,SNAP-20260928,2026-09-28
synthetic-pack-20260928,V-004,Orivanta Data Engineering,CTR-004,ETL migration and data integration,2025-01-01,2027-05-26,Fixed-price delivery SOW,VRM300004,BC20004,T2004,ORG-04,PROD-04,SVC-004,SOW-004,SLA-004,RA-004,ISSUE-004,V-004_contract_sow,V-004_dependency_register,V-004_sla_risk_pack,SNAP-20260928,2026-09-28
synthetic-pack-20260928,V-005,Lumenquay Identity Systems,CTR-005,Identity and access engineering,2025-01-01,2026-10-13,Capped T&M work order,VRM300005,BC20005,T2005,ORG-01,PROD-01,SVC-005,SOW-005,SLA-005,RA-005,ISSUE-005,V-005_contract_sow,V-005_dependency_register,V-005_sla_risk_pack,SNAP-20260928,2026-09-28
synthetic-pack-20260928,V-006,Tervona Network Services,CTR-006,Network operations,2025-01-01,2027-09-28,Managed service agreement,VRM300006,BC20006,T2006,ORG-02,PROD-02,SVC-006,SOW-006,SLA-006,RA-006,ISSUE-006,V-006_contract_sow,V-006_dependency_register,V-006_sla_risk_pack,SNAP-20260928,2026-09-28
synthetic-pack-20260928,V-007,Brivanta Quality Labs,CTR-007,Software quality assurance,2025-01-01,2026-11-27,Agile delivery work order,VRM300007,BC20007,T2007,ORG-03,PROD-03,SVC-007,SOW-007,SLA-007,RA-007,ISSUE-007,V-007_contract_sow,V-007_dependency_register,V-007_sla_risk_pack,SNAP-20260928,2026-09-28
synthetic-pack-20260928,V-008,Norevia Decision Science,CTR-008,Data science and vendor anomaly modeling,2025-01-01,2027-06-25,Research stage-gate SOW,VRM300008,BC20008,T2008,ORG-04,PROD-04,SVC-008,SOW-008,SLA-008,RA-008,ISSUE-008,V-008_contract_sow,V-008_dependency_register,V-008_sla_risk_pack,SNAP-20260928,2026-09-28
synthetic-pack-20260928,V-009,Veylora Application Services,CTR-009,Application maintenance,2025-01-01,2026-11-12,Capacity support schedule,VRM300009,BC20009,T2009,ORG-01,PROD-01,SVC-009,SOW-009,SLA-009,RA-009,ISSUE-009,V-009_contract_sow,V-009_dependency_register,V-009_sla_risk_pack,SNAP-20260928,2026-09-28
synthetic-pack-20260928,V-010,Solenquill Workflow Software,CTR-010,Workflow platform subscription,2025-01-01,2027-02-25,SaaS subscription order,VRM300010,BC20010,T2010,ORG-02,PROD-02,SVC-010,SOW-010,SLA-010,RA-010,ISSUE-010,V-010_contract_sow,V-010_dependency_register,V-010_sla_risk_pack,SNAP-20260928,2026-09-28
synthetic-pack-20260928,V-011,Caldris Recovery Services,CTR-011,Backup and recovery operations,2025-01-01,2027-04-26,Managed service agreement,VRM300011,BC20011,T2011,ORG-03,PROD-03,SVC-011,SOW-011,SLA-011,RA-011,ISSUE-011,V-011_contract_sow,V-011_dependency_register,V-011_sla_risk_pack,SNAP-20260928,2026-09-28
synthetic-pack-20260928,V-012,Avendryl Analytics Studio,CTR-012,Executive BI dashboards and semantic modeling,2025-01-01,2027-08-24,Fixed-price delivery SOW,VRM300012,BC20012,T2012,ORG-04,PROD-04,SVC-012,SOW-012,SLA-012,RA-012,ISSUE-012,V-012_contract_sow,V-012_dependency_register,V-012_sla_risk_pack,SNAP-20260928,2026-09-28
synthetic-pack-20260928,V-013,Mirelune Facilities,CTR-013,Office facilities management,2025-01-01,2026-12-12,Managed service agreement,VRM300013,BC20013,T2013,ORG-01,PROD-01,SVC-013,SOW-013,SLA-013,RA-013,ISSUE-013,V-013_contract_sow,V-013_dependency_register,V-013_sla_risk_pack,SNAP-20260928,2026-09-28
synthetic-pack-20260928,V-014,Kestrelune Site Protection,CTR-014,Physical security services,2025-01-01,2027-01-16,Unit-rate service order,VRM300014,BC20014,T2014,ORG-02,PROD-02,SVC-014,SOW-014,SLA-014,RA-014,ISSUE-014,V-014_contract_sow,V-014_dependency_register,V-014_sla_risk_pack,SNAP-20260928,2026-09-28
synthetic-pack-20260928,V-015,Elowyn Language Bureau,CTR-015,Translation and localization,2025-01-01,2027-07-25,Unit-rate service order,VRM300015,BC20015,T2015,ORG-03,PROD-03,SVC-015,SOW-015,SLA-015,RA-015,ISSUE-015,V-015_contract_sow,V-015_dependency_register,V-015_sla_risk_pack,SNAP-20260928,2026-09-28
synthetic-pack-20260928,V-016,Faronelle Records Services,CTR-016,Records storage and retrieval,2025-01-01,2027-04-16,Unit-rate service order,VRM300016,BC20016,T2016,ORG-04,PROD-04,SVC-016,SOW-016,SLA-016,RA-016,ISSUE-016,V-016_contract_sow,V-016_dependency_register,V-016_sla_risk_pack,SNAP-20260928,2026-09-28
synthetic-pack-20260928,V-017,Pelvanta Learning Partners,CTR-017,Workforce learning delivery,2025-01-01,2027-11-02,Training call-off order,VRM300017,BC20017,T2017,ORG-01,PROD-01,SVC-017,SOW-017,SLA-017,RA-017,ISSUE-017,V-017_contract_sow,V-017_dependency_register,V-017_sla_risk_pack,SNAP-20260928,2026-09-28
synthetic-pack-20260928,V-018,Ardovelle Advisory,CTR-018,Operating model advisory,2025-01-01,2026-10-28,Advisory milestone agreement,VRM300018,BC20018,T2018,ORG-02,PROD-02,SVC-018,SOW-018,SLA-018,RA-018,ISSUE-018,V-018_contract_sow,V-018_dependency_register,V-018_sla_risk_pack,SNAP-20260928,2026-09-28
synthetic-pack-20260928,V-019,Quenora Logistics,CTR-019,Internal courier and distribution,2025-01-01,2027-03-07,Unit-rate service order,VRM300019,BC20019,T2019,ORG-03,PROD-03,SVC-019,SOW-019,SLA-019,RA-019,ISSUE-019,V-019_contract_sow,V-019_dependency_register,V-019_sla_risk_pack,SNAP-20260928,2026-09-28
synthetic-pack-20260928,V-020,Bramelith Hospitality,CTR-020,Workplace catering,2025-01-01,2027-06-05,Unit-rate service order,VRM300020,BC20020,T2020,ORG-04,PROD-04,SVC-020,SOW-020,SLA-020,RA-020,ISSUE-020,V-020_contract_sow,V-020_dependency_register,V-020_sla_risk_pack,SNAP-20260928,2026-09-28
