Graph_Namespace,Vendor_ID,Contract_ID,Service_ID,Application_ID,Relationship_Type
synthetic-pack-20260928,V-001,CTR-001,SVC-001,APP-001,SUPPORTS
synthetic-pack-20260928,V-001,CTR-001,SVC-001,APP-002,SUPPORTS
synthetic-pack-20260928,V-001,CTR-001,SVC-001,APP-003,SUPPORTS
synthetic-pack-20260928,V-001,CTR-001,SVC-001,APP-004,SUPPORTS
synthetic-pack-20260928,V-002,CTR-002,SVC-002,APP-003,SUPPORTS
synthetic-pack-20260928,V-002,CTR-002,SVC-002,APP-004,SUPPORTS
synthetic-pack-20260928,V-002,CTR-002,SVC-002,APP-005,SUPPORTS
synthetic-pack-20260928,V-003,CTR-003,SVC-003,APP-001,SUPPORTS
synthetic-pack-20260928,V-003,CTR-003,SVC-003,APP-005,SUPPORTS
synthetic-pack-20260928,V-003,CTR-003,SVC-003,APP-006,SUPPORTS
synthetic-pack-20260928,V-004,CTR-004,SVC-004,APP-001,SUPPORTS
synthetic-pack-20260928,V-004,CTR-004,SVC-004,APP-002,SUPPORTS
synthetic-pack-20260928,V-004,CTR-004,SVC-004,APP-006,SUPPORTS
synthetic-pack-20260928,V-004,CTR-004,SVC-004,APP-007,SUPPORTS
synthetic-pack-20260928,V-005,CTR-005,SVC-005,APP-001,SUPPORTS
synthetic-pack-20260928,V-005,CTR-005,SVC-005,APP-002,SUPPORTS
synthetic-pack-20260928,V-005,CTR-005,SVC-005,APP-006,SUPPORTS
synthetic-pack-20260928,V-006,CTR-006,SVC-006,APP-002,SUPPORTS
synthetic-pack-20260928,V-006,CTR-006,SVC-006,APP-005,SUPPORTS
synthetic-pack-20260928,V-006,CTR-006,SVC-006,APP-006,SUPPORTS
synthetic-pack-20260928,V-007,CTR-007,SVC-007,APP-008,SUPPORTS
synthetic-pack-20260928,V-007,CTR-007,SVC-007,APP-014,SUPPORTS
synthetic-pack-20260928,V-008,CTR-008,SVC-008,APP-008,SUPPORTS
synthetic-pack-20260928,V-008,CTR-008,SVC-008,APP-016,SUPPORTS
synthetic-pack-20260928,V-009,CTR-009,SVC-009,APP-001,SUPPORTS
synthetic-pack-20260928,V-009,CTR-009,SVC-009,APP-003,SUPPORTS
synthetic-pack-20260928,V-009,CTR-009,SVC-009,APP-008,SUPPORTS
synthetic-pack-20260928,V-009,CTR-009,SVC-009,APP-010,SUPPORTS
synthetic-pack-20260928,V-010,CTR-010,SVC-010,APP-010,SUPPORTS
synthetic-pack-20260928,V-011,CTR-011,SVC-011,APP-001,SUPPORTS
synthetic-pack-20260928,V-011,CTR-011,SVC-011,APP-002,SUPPORTS
synthetic-pack-20260928,V-011,CTR-011,SVC-011,APP-004,SUPPORTS
synthetic-pack-20260928,V-011,CTR-011,SVC-011,APP-005,SUPPORTS
synthetic-pack-20260928,V-012,CTR-012,SVC-012,APP-008,SUPPORTS
synthetic-pack-20260928,V-012,CTR-012,SVC-012,APP-009,SUPPORTS
synthetic-pack-20260928,V-012,CTR-012,SVC-012,APP-012,SUPPORTS
synthetic-pack-20260928,V-012,CTR-012,SVC-012,APP-016,SUPPORTS
synthetic-pack-20260928,V-013,CTR-013,SVC-013,APP-019,USES_PORTAL
synthetic-pack-20260928,V-014,CTR-014,SVC-014,APP-019,USES_PORTAL
synthetic-pack-20260928,V-015,CTR-015,SVC-015,APP-017,USES_PORTAL
synthetic-pack-20260928,V-016,CTR-016,SVC-016,APP-015,USES_PORTAL
synthetic-pack-20260928,V-017,CTR-017,SVC-017,APP-018,USES_PORTAL
synthetic-pack-20260928,V-018,CTR-018,SVC-018,APP-017,USES_PORTAL
synthetic-pack-20260928,V-019,CTR-019,SVC-019,APP-020,USES_PORTAL
synthetic-pack-20260928,V-020,CTR-020,SVC-020,APP-019,USES_PORTAL
