Graph_Namespace,Vendor_ID,Contract_ID,VRM_ID,BCID,Tech_ID,Organization_ID,OU_ID,Mapping_Status
synthetic-pack-20260928,V-001,CTR-001,VRM300001,BC20001,T2001,ORG-01,OU3101,Synthetic-only external IDs; canonical IDs unchanged
synthetic-pack-20260928,V-002,CTR-002,VRM300002,BC20002,T2002,ORG-02,OU3102,Synthetic-only external IDs; canonical IDs unchanged
synthetic-pack-20260928,V-003,CTR-003,VRM300003,BC20003,T2003,ORG-03,OU3103,Synthetic-only external IDs; canonical IDs unchanged
synthetic-pack-20260928,V-004,CTR-004,VRM300004,BC20004,T2004,ORG-04,OU3104,Synthetic-only external IDs; canonical IDs unchanged
synthetic-pack-20260928,V-005,CTR-005,VRM300005,BC20005,T2005,ORG-01,OU3101,Synthetic-only external IDs; canonical IDs unchanged
synthetic-pack-20260928,V-006,CTR-006,VRM300006,BC20006,T2006,ORG-02,OU3102,Synthetic-only external IDs; canonical IDs unchanged
synthetic-pack-20260928,V-007,CTR-007,VRM300007,BC20007,T2007,ORG-03,OU3103,Synthetic-only external IDs; canonical IDs unchanged
synthetic-pack-20260928,V-008,CTR-008,VRM300008,BC20008,T2008,ORG-04,OU3104,Synthetic-only external IDs; canonical IDs unchanged
synthetic-pack-20260928,V-009,CTR-009,VRM300009,BC20009,T2009,ORG-01,OU3101,Synthetic-only external IDs; canonical IDs unchanged
synthetic-pack-20260928,V-010,CTR-010,VRM300010,BC20010,T2010,ORG-02,OU3102,Synthetic-only external IDs; canonical IDs unchanged
synthetic-pack-20260928,V-011,CTR-011,VRM300011,BC20011,T2011,ORG-03,OU3103,Synthetic-only external IDs; canonical IDs unchanged
synthetic-pack-20260928,V-012,CTR-012,VRM300012,BC20012,T2012,ORG-04,OU3104,Synthetic-only external IDs; canonical IDs unchanged
synthetic-pack-20260928,V-013,CTR-013,VRM300013,BC20013,T2013,ORG-01,OU3101,Synthetic-only external IDs; canonical IDs unchanged
synthetic-pack-20260928,V-014,CTR-014,VRM300014,BC20014,T2014,ORG-02,OU3102,Synthetic-only external IDs; canonical IDs unchanged
synthetic-pack-20260928,V-015,CTR-015,VRM300015,BC20015,T2015,ORG-03,OU3103,Synthetic-only external IDs; canonical IDs unchanged
synthetic-pack-20260928,V-016,CTR-016,VRM300016,BC20016,T2016,ORG-04,OU3104,Synthetic-only external IDs; canonical IDs unchanged
synthetic-pack-20260928,V-017,CTR-017,VRM300017,BC20017,T2017,ORG-01,OU3101,Synthetic-only external IDs; canonical IDs unchanged
synthetic-pack-20260928,V-018,CTR-018,VRM300018,BC20018,T2018,ORG-02,OU3102,Synthetic-only external IDs; canonical IDs unchanged
synthetic-pack-20260928,V-019,CTR-019,VRM300019,BC20019,T2019,ORG-03,OU3103,Synthetic-only external IDs; canonical IDs unchanged
synthetic-pack-20260928,V-020,CTR-020,VRM300020,BC20020,T2020,ORG-04,OU3104,Synthetic-only external IDs; canonical IDs unchanged
