record_id,Graph_Namespace,Vendor_ID,Vendor_Name,Contract_ID,Service_ID,SOW_ID,Organization_ID,Product_ID,BCID,Tech_ID,As_Of_Date,Contract_Start_Date,Contract_End_Date,Contract_Format,Year,Source,Scenario,LOB_vs_Tech,Tech_Group_Mapping,OU_ID,Inv_vs_Prod,Tech_Portfolio_Owner,Tech_Portfolio_Subgroup,BC_Sponsor_Grouping,Business_Case_Sponsor,SubgroupName,BCID_Name,Horizon,L3_Sponsor_Grouping,L3_Sponsor,L3_SubGroup,L3_ID,L3_Full_Name,Priority_Category,Priority,Investment_Sustainment,Expense_rollup,FPA_Expense,Expense_Short_Name,Location,Currency,Amount,Amount_Unit,Amount_Basis,YTD_Amount,Budget_YTD_Amount,YTD_Variance_vs_Budget,YTD_Variance_Percent,FY_USD,FY_Variance_vs_Budget,Period_Start,Period_End,Actual_Through,Scenario_Version,Value_Status,Source_Annual_Base_Fee_USD,Actual_YTD_Multiplier,Forecast_Remaining_Multiplier,Scenario_Note,Source_Record_ID,SourceFile,Risk_Assessment_ID,Risk_Assessment_Status,Risk_Assessment_Date,Risk_Tier,Issue_ID,SLA_ID,Source_SLA_Period,Source_SLA_Actual_Percent,Source_SLA_Target_Percent,Source_SLA_Breach,Jan_USD,Feb_USD,Mar_USD,Apr_USD,May_USD,Jun_USD,Jul_USD,Aug_USD,Sep_USD,Oct_USD,Nov_USD,Dec_USD
SYN-FIN-2026-001-BUDGET,synthetic-pack-20260928,V-001,Aurelix Codeworks,CTR-001,SVC-001,SOW-001,ORG-01,PROD-01,BC20001,T2001,2026-09-28,2025-01-01,2026-12-27,Capacity support schedule,2026,Synthetic scenario,Budget,Tech,Payments,OU3101,Production,Payment service manager,Payments,Payments,Payment service manager,L3 payment application support,L3 payment application support - synthetic 2026 case,Near Term,Payments,Payment service manager,Payments,SYN-L3-01,Payments,Remediation,P1,Sustainment,Vendor services,OpEx,Payments,Multi-location supplier service,USD,9890410.98,USD,FY Jan-Dec,6657534.26,6657534.26,0.00,0.00,9890410.98,0.00,2026-01-01,2026-12-31,2026-08-31,SYN-2026-V1,Synthetic scenario; not posted actuals or approved budget,10000000.00,1.02,1.03,"Material workforce and multi-application dependency; renewal merits review, but August SLA breach requires remediation.",CTR-001,02_contracts_sows/V-001_contract.json,RA-001,Current,2026-08-15,High,ISSUE-001,SLA-001,2026-08,99.7984,99.9,true,849315.07,767123.29,849315.07,821917.81,849315.07,821917.81,849315.07,849315.07,821917.81,849315.07,821917.81,739726.03
SYN-FIN-2026-001-FORECAST,synthetic-pack-20260928,V-001,Aurelix Codeworks,CTR-001,SVC-001,SOW-001,ORG-01,PROD-01,BC20001,T2001,2026-09-28,2025-01-01,2026-12-27,Capacity support schedule,2026,Synthetic scenario,Forecast,Tech,Payments,OU3101,Production,Payment service manager,Payments,Payments,Payment service manager,L3 payment application support,L3 payment application support - synthetic 2026 case,Near Term,Payments,Payment service manager,Payments,SYN-L3-01,Payments,Remediation,P1,Sustainment,Vendor services,OpEx,Payments,Multi-location supplier service,USD,10120547.96,USD,FY Jan-Dec,6790684.95,6657534.26,133150.69,2.00,10120547.96,230136.98,2026-01-01,2026-12-31,2026-08-31,SYN-2026-V1,Synthetic scenario; not posted actuals or approved budget,10000000.00,1.02,1.03,"Material workforce and multi-application dependency; renewal merits review, but August SLA breach requires remediation.",CTR-001,02_contracts_sows/V-001_contract.json,RA-001,Current,2026-08-15,High,ISSUE-001,SLA-001,2026-08,99.7984,99.9,true,866301.37,782465.76,866301.37,838356.17,866301.37,838356.17,866301.37,866301.37,846575.34,874794.52,846575.34,761917.81
SYN-FIN-2026-001-ACTUAL,synthetic-pack-20260928,V-001,Aurelix Codeworks,CTR-001,SVC-001,SOW-001,ORG-01,PROD-01,BC20001,T2001,2026-09-28,2025-01-01,2026-12-27,Capacity support schedule,2026,Synthetic scenario,Actual,Tech,Payments,OU3101,Production,Payment service manager,Payments,Payments,Payment service manager,L3 payment application support,L3 payment application support - synthetic 2026 case,Near Term,Payments,Payment service manager,Payments,SYN-L3-01,Payments,Remediation,P1,Sustainment,Vendor services,OpEx,Payments,Multi-location supplier service,USD,6790684.95,USD,YTD Jan-Aug,6790684.95,6657534.26,133150.69,2.00,,,2026-01-01,2026-08-31,2026-08-31,SYN-2026-V1,Synthetic scenario; not posted actuals or approved budget,10000000.00,1.02,1.03,"Material workforce and multi-application dependency; renewal merits review, but August SLA breach requires remediation.",CTR-001,02_contracts_sows/V-001_contract.json,RA-001,Current,2026-08-15,High,ISSUE-001,SLA-001,2026-08,99.7984,99.9,true,866301.37,782465.76,866301.37,838356.17,866301.37,838356.17,866301.37,866301.37,,,,
SYN-FIN-2026-002-BUDGET,synthetic-pack-20260928,V-002,Velmora Cloud Operations,CTR-002,SVC-002,SOW-002,ORG-02,PROD-02,BC20002,T2002,2026-09-28,2025-01-01,2027-03-27,Managed service agreement,2026,Synthetic scenario,Budget,Tech,Cloud operations,OU3102,Production,Cloud platform owner,Cloud operations,Technology Operations,Cloud platform owner,Cloud platform operations,Cloud platform operations - synthetic 2026 case,Near Term,Technology Operations,Cloud platform owner,Cloud operations,SYN-L3-02,Technology Operations,Service continuity,P2,Sustainment,Vendor services,OpEx,Cloud operations,Multi-location supplier service,USD,7500000.01,USD,FY Jan-Dec,4993150.69,4993150.69,0.00,0.00,7500000.01,0.00,2026-01-01,2026-12-31,2026-08-31,SYN-2026-V1,Synthetic scenario; not posted actuals or approved budget,7500000.00,0.97,0.98,Deterministic scenario derived from source annual baseline; assess source risk and SLA separately.,CTR-002,02_contracts_sows/V-002_contract.json,RA-002,Current,2026-08-15,Medium,ISSUE-002,SLA-002,2026-08,99.9686,99.9,false,636986.30,575342.47,636986.30,616438.36,636986.30,616438.36,636986.30,636986.30,616438.36,636986.30,616438.36,636986.30
SYN-FIN-2026-002-FORECAST,synthetic-pack-20260928,V-002,Velmora Cloud Operations,CTR-002,SVC-002,SOW-002,ORG-02,PROD-02,BC20002,T2002,2026-09-28,2025-01-01,2027-03-27,Managed service agreement,2026,Synthetic scenario,Forecast,Tech,Cloud operations,OU3102,Production,Cloud platform owner,Cloud operations,Technology Operations,Cloud platform owner,Cloud platform operations,Cloud platform operations - synthetic 2026 case,Near Term,Technology Operations,Cloud platform owner,Cloud operations,SYN-L3-02,Technology Operations,Service continuity,P2,Sustainment,Vendor services,OpEx,Cloud operations,Multi-location supplier service,USD,7300068.49,USD,FY Jan-Dec,4843356.17,4993150.69,-149794.52,-3.00,7300068.49,-199931.52,2026-01-01,2026-12-31,2026-08-31,SYN-2026-V1,Synthetic scenario; not posted actuals or approved budget,7500000.00,0.97,0.98,Deterministic scenario derived from source annual baseline; assess source risk and SLA separately.,CTR-002,02_contracts_sows/V-002_contract.json,RA-002,Current,2026-08-15,Medium,ISSUE-002,SLA-002,2026-08,99.9686,99.9,false,617876.71,558082.20,617876.71,597945.21,617876.71,597945.21,617876.71,617876.71,604109.59,624246.57,604109.59,624246.57
SYN-FIN-2026-002-ACTUAL,synthetic-pack-20260928,V-002,Velmora Cloud Operations,CTR-002,SVC-002,SOW-002,ORG-02,PROD-02,BC20002,T2002,2026-09-28,2025-01-01,2027-03-27,Managed service agreement,2026,Synthetic scenario,Actual,Tech,Cloud operations,OU3102,Production,Cloud platform owner,Cloud operations,Technology Operations,Cloud platform owner,Cloud platform operations,Cloud platform operations - synthetic 2026 case,Near Term,Technology Operations,Cloud platform owner,Cloud operations,SYN-L3-02,Technology Operations,Service continuity,P2,Sustainment,Vendor services,OpEx,Cloud operations,Multi-location supplier service,USD,4843356.17,USD,YTD Jan-Aug,4843356.17,4993150.69,-149794.52,-3.00,,,2026-01-01,2026-08-31,2026-08-31,SYN-2026-V1,Synthetic scenario; not posted actuals or approved budget,7500000.00,0.97,0.98,Deterministic scenario derived from source annual baseline; assess source risk and SLA separately.,CTR-002,02_contracts_sows/V-002_contract.json,RA-002,Current,2026-08-15,Medium,ISSUE-002,SLA-002,2026-08,99.9686,99.9,false,617876.71,558082.20,617876.71,597945.21,617876.71,597945.21,617876.71,617876.71,,,,
SYN-FIN-2026-003-BUDGET,synthetic-pack-20260928,V-003,Cindervale Cyber Services,CTR-003,SVC-003,SOW-003,ORG-03,PROD-03,BC20003,T2003,2026-09-28,2025-01-01,2027-01-26,Managed service agreement,2026,Synthetic scenario,Budget,Tech,Security operations,OU3103,Production,Security operations owner,Security operations,Corporate Services,Security operations owner,Security operations monitoring,Security operations monitoring - synthetic 2026 case,Near Term,Corporate Services,Security operations owner,Security operations,SYN-L3-03,Corporate Services,Service continuity,P1,Sustainment,Vendor services,OpEx,Security operations,Multi-location supplier service,USD,5500000.00,USD,FY Jan-Dec,3661643.84,3661643.84,0.00,0.00,5500000.00,0.00,2026-01-01,2026-12-31,2026-08-31,SYN-2026-V1,Synthetic scenario; not posted actuals or approved budget,5500000.00,1.04,1.05,Deterministic scenario derived from source annual baseline; assess source risk and SLA separately.,CTR-003,02_contracts_sows/V-003_contract.json,RA-003,Current,2026-08-15,High,ISSUE-003,SLA-003,2026-08,99.0,98.0,false,467123.29,421917.81,467123.29,452054.79,467123.29,452054.79,467123.29,467123.29,452054.79,467123.29,452054.79,467123.29
SYN-FIN-2026-003-FORECAST,synthetic-pack-20260928,V-003,Cindervale Cyber Services,CTR-003,SVC-003,SOW-003,ORG-03,PROD-03,BC20003,T2003,2026-09-28,2025-01-01,2027-01-26,Managed service agreement,2026,Synthetic scenario,Forecast,Tech,Security operations,OU3103,Production,Security operations owner,Security operations,Corporate Services,Security operations owner,Security operations monitoring,Security operations monitoring - synthetic 2026 case,Near Term,Corporate Services,Security operations owner,Security operations,SYN-L3-03,Corporate Services,Service continuity,P1,Sustainment,Vendor services,OpEx,Security operations,Multi-location supplier service,USD,5738383.54,USD,FY Jan-Dec,3808109.58,3661643.84,146465.74,4.00,5738383.54,238383.54,2026-01-01,2026-12-31,2026-08-31,SYN-2026-V1,Synthetic scenario; not posted actuals or approved budget,5500000.00,1.04,1.05,Deterministic scenario derived from source annual baseline; assess source risk and SLA separately.,CTR-003,02_contracts_sows/V-003_contract.json,RA-003,Current,2026-08-15,High,ISSUE-003,SLA-003,2026-08,99.0,98.0,false,485808.22,438794.52,485808.22,470136.98,485808.22,470136.98,485808.22,485808.22,474657.53,490479.45,474657.53,490479.45
SYN-FIN-2026-003-ACTUAL,synthetic-pack-20260928,V-003,Cindervale Cyber Services,CTR-003,SVC-003,SOW-003,ORG-03,PROD-03,BC20003,T2003,2026-09-28,2025-01-01,2027-01-26,Managed service agreement,2026,Synthetic scenario,Actual,Tech,Security operations,OU3103,Production,Security operations owner,Security operations,Corporate Services,Security operations owner,Security operations monitoring,Security operations monitoring - synthetic 2026 case,Near Term,Corporate Services,Security operations owner,Security operations,SYN-L3-03,Corporate Services,Service continuity,P1,Sustainment,Vendor services,OpEx,Security operations,Multi-location supplier service,USD,3808109.58,USD,YTD Jan-Aug,3808109.58,3661643.84,146465.74,4.00,,,2026-01-01,2026-08-31,2026-08-31,SYN-2026-V1,Synthetic scenario; not posted actuals or approved budget,5500000.00,1.04,1.05,Deterministic scenario derived from source annual baseline; assess source risk and SLA separately.,CTR-003,02_contracts_sows/V-003_contract.json,RA-003,Current,2026-08-15,High,ISSUE-003,SLA-003,2026-08,99.0,98.0,false,485808.22,438794.52,485808.22,470136.98,485808.22,470136.98,485808.22,485808.22,,,,
SYN-FIN-2026-004-BUDGET,synthetic-pack-20260928,V-004,Orivanta Data Engineering,CTR-004,SVC-004,SOW-004,ORG-04,PROD-04,BC20004,T2004,2026-09-28,2025-01-01,2027-05-26,Fixed-price delivery SOW,2026,Synthetic scenario,Budget,Tech,ETL and integration,OU3104,Investment,Data platform owner,ETL and integration,Transformation,Data platform owner,ETL migration and data integration,ETL migration and data integration - synthetic 2026 case,Near Term,Transformation,Data platform owner,ETL and integration,SYN-L3-04,Transformation,Remediation,P1,Investment,Vendor services,OpEx,ETL and integration,Multi-location supplier service,USD,4200000.01,USD,FY Jan-Dec,2796164.39,2796164.39,0.00,0.00,4200000.01,0.00,2026-01-01,2026-12-31,2026-08-31,SYN-2026-V1,Synthetic scenario; not posted actuals or approved budget,4200000.00,1.08,1.12,Deterministic scenario derived from source annual baseline; assess source risk and SLA separately.,CTR-004,02_contracts_sows/V-004_contract.json,RA-004,Current,2026-08-15,Medium,ISSUE-004,SLA-004,2026-08,96.4815,98.0,true,356712.33,322191.78,356712.33,345205.48,356712.33,345205.48,356712.33,356712.33,345205.48,356712.33,345205.48,356712.33
SYN-FIN-2026-004-FORECAST,synthetic-pack-20260928,V-004,Orivanta Data Engineering,CTR-004,SVC-004,SOW-004,ORG-04,PROD-04,BC20004,T2004,2026-09-28,2025-01-01,2027-05-26,Fixed-price delivery SOW,2026,Synthetic scenario,Forecast,Tech,ETL and integration,OU3104,Investment,Data platform owner,ETL and integration,Transformation,Data platform owner,ETL migration and data integration,ETL migration and data integration - synthetic 2026 case,Near Term,Transformation,Data platform owner,ETL and integration,SYN-L3-04,Transformation,Remediation,P1,Investment,Vendor services,OpEx,ETL and integration,Multi-location supplier service,USD,4592153.46,USD,FY Jan-Dec,3019857.56,2796164.39,223693.17,8.00,4592153.46,392153.45,2026-01-01,2026-12-31,2026-08-31,SYN-2026-V1,Synthetic scenario; not posted actuals or approved budget,4200000.00,1.08,1.12,Deterministic scenario derived from source annual baseline; assess source risk and SLA separately.,CTR-004,02_contracts_sows/V-004_contract.json,RA-004,Current,2026-08-15,Medium,ISSUE-004,SLA-004,2026-08,96.4815,98.0,true,385249.32,347967.12,385249.32,372821.92,385249.32,372821.92,385249.32,385249.32,386630.14,399517.81,386630.14,399517.81
SYN-FIN-2026-004-ACTUAL,synthetic-pack-20260928,V-004,Orivanta Data Engineering,CTR-004,SVC-004,SOW-004,ORG-04,PROD-04,BC20004,T2004,2026-09-28,2025-01-01,2027-05-26,Fixed-price delivery SOW,2026,Synthetic scenario,Actual,Tech,ETL and integration,OU3104,Investment,Data platform owner,ETL and integration,Transformation,Data platform owner,ETL migration and data integration,ETL migration and data integration - synthetic 2026 case,Near Term,Transformation,Data platform owner,ETL and integration,SYN-L3-04,Transformation,Remediation,P1,Investment,Vendor services,OpEx,ETL and integration,Multi-location supplier service,USD,3019857.56,USD,YTD Jan-Aug,3019857.56,2796164.39,223693.17,8.00,,,2026-01-01,2026-08-31,2026-08-31,SYN-2026-V1,Synthetic scenario; not posted actuals or approved budget,4200000.00,1.08,1.12,Deterministic scenario derived from source annual baseline; assess source risk and SLA separately.,CTR-004,02_contracts_sows/V-004_contract.json,RA-004,Current,2026-08-15,Medium,ISSUE-004,SLA-004,2026-08,96.4815,98.0,true,385249.32,347967.12,385249.32,372821.92,385249.32,372821.92,385249.32,385249.32,,,,
SYN-FIN-2026-005-BUDGET,synthetic-pack-20260928,V-005,Lumenquay Identity Systems,CTR-005,SVC-005,SOW-005,ORG-01,PROD-01,BC20005,T2005,2026-09-28,2025-01-01,2026-10-13,Capped T&M work order,2026,Synthetic scenario,Budget,Tech,Identity,OU3101,Production,Identity product owner,Identity,Payments,Identity product owner,Identity and access engineering,Identity and access engineering - synthetic 2026 case,Near Term,Payments,Identity product owner,Identity,SYN-L3-01,Payments,Service continuity,P1,Sustainment,Vendor services,OpEx,Identity,Multi-location supplier service,USD,2585753.42,USD,FY Jan-Dec,2196986.29,2196986.29,0.00,0.00,2585753.42,0.00,2026-01-01,2026-12-31,2026-08-31,SYN-2026-V1,Synthetic scenario; not posted actuals or approved budget,3300000.00,1.09,1.25,Near expiry; forecast pressure supports commercial renegotiation review.,CTR-005,02_contracts_sows/V-005_contract.json,RA-005,Current,2026-08-15,High,ISSUE-005,SLA-005,2026-08,99.1667,98.0,false,280273.97,253150.68,280273.97,271232.88,280273.97,271232.88,280273.97,280273.97,271232.88,117534.25,0.00,0.00
SYN-FIN-2026-005-FORECAST,synthetic-pack-20260928,V-005,Lumenquay Identity Systems,CTR-005,SVC-005,SOW-005,ORG-01,PROD-01,BC20005,T2005,2026-09-28,2025-01-01,2026-10-13,Capped T&M work order,2026,Synthetic scenario,Forecast,Tech,Identity,OU3101,Production,Identity product owner,Identity,Payments,Identity product owner,Identity and access engineering,Identity and access engineering - synthetic 2026 case,Near Term,Payments,Identity product owner,Identity,SYN-L3-01,Payments,Service continuity,P1,Sustainment,Vendor services,OpEx,Identity,Multi-location supplier service,USD,2880673.98,USD,FY Jan-Dec,2394715.07,2196986.29,197728.78,9.00,2880673.98,294920.56,2026-01-01,2026-12-31,2026-08-31,SYN-2026-V1,Synthetic scenario; not posted actuals or approved budget,3300000.00,1.09,1.25,Near expiry; forecast pressure supports commercial renegotiation review.,CTR-005,02_contracts_sows/V-005_contract.json,RA-005,Current,2026-08-15,High,ISSUE-005,SLA-005,2026-08,99.1667,98.0,false,305498.63,275934.24,305498.63,295643.84,305498.63,295643.84,305498.63,305498.63,339041.10,146917.81,0.00,0.00
SYN-FIN-2026-005-ACTUAL,synthetic-pack-20260928,V-005,Lumenquay Identity Systems,CTR-005,SVC-005,SOW-005,ORG-01,PROD-01,BC20005,T2005,2026-09-28,2025-01-01,2026-10-13,Capped T&M work order,2026,Synthetic scenario,Actual,Tech,Identity,OU3101,Production,Identity product owner,Identity,Payments,Identity product owner,Identity and access engineering,Identity and access engineering - synthetic 2026 case,Near Term,Payments,Identity product owner,Identity,SYN-L3-01,Payments,Service continuity,P1,Sustainment,Vendor services,OpEx,Identity,Multi-location supplier service,USD,2394715.07,USD,YTD Jan-Aug,2394715.07,2196986.29,197728.78,9.00,,,2026-01-01,2026-08-31,2026-08-31,SYN-2026-V1,Synthetic scenario; not posted actuals or approved budget,3300000.00,1.09,1.25,Near expiry; forecast pressure supports commercial renegotiation review.,CTR-005,02_contracts_sows/V-005_contract.json,RA-005,Current,2026-08-15,High,ISSUE-005,SLA-005,2026-08,99.1667,98.0,false,305498.63,275934.24,305498.63,295643.84,305498.63,295643.84,305498.63,305498.63,,,,
SYN-FIN-2026-006-BUDGET,synthetic-pack-20260928,V-006,Tervona Network Services,CTR-006,SVC-006,SOW-006,ORG-02,PROD-02,BC20006,T2006,2026-09-28,2025-01-01,2027-09-28,Managed service agreement,2026,Synthetic scenario,Budget,Tech,Network operations,OU3102,Production,Network service owner,Network operations,Technology Operations,Network service owner,Network operations,Network operations - synthetic 2026 case,Near Term,Technology Operations,Network service owner,Network operations,SYN-L3-02,Technology Operations,Service continuity,P2,Sustainment,Vendor services,OpEx,Network operations,Multi-location supplier service,USD,2400000.01,USD,FY Jan-Dec,1597808.23,1597808.23,0.00,0.00,2400000.01,0.00,2026-01-01,2026-12-31,2026-08-31,SYN-2026-V1,Synthetic scenario; not posted actuals or approved budget,2400000.00,1.00,1.00,Deterministic scenario derived from source annual baseline; assess source risk and SLA separately.,CTR-006,02_contracts_sows/V-006_contract.json,RA-006,Current,2026-08-15,Medium,ISSUE-006,SLA-006,2026-08,99.9597,99.9,false,203835.62,184109.59,203835.62,197260.27,203835.62,197260.27,203835.62,203835.62,197260.27,203835.62,197260.27,203835.62
SYN-FIN-2026-006-FORECAST,synthetic-pack-20260928,V-006,Tervona Network Services,CTR-006,SVC-006,SOW-006,ORG-02,PROD-02,BC20006,T2006,2026-09-28,2025-01-01,2027-09-28,Managed service agreement,2026,Synthetic scenario,Forecast,Tech,Network operations,OU3102,Production,Network service owner,Network operations,Technology Operations,Network service owner,Network operations,Network operations - synthetic 2026 case,Near Term,Technology Operations,Network service owner,Network operations,SYN-L3-02,Technology Operations,Service continuity,P2,Sustainment,Vendor services,OpEx,Network operations,Multi-location supplier service,USD,2400000.01,USD,FY Jan-Dec,1597808.23,1597808.23,0.00,0.00,2400000.01,0.00,2026-01-01,2026-12-31,2026-08-31,SYN-2026-V1,Synthetic scenario; not posted actuals or approved budget,2400000.00,1.00,1.00,Deterministic scenario derived from source annual baseline; assess source risk and SLA separately.,CTR-006,02_contracts_sows/V-006_contract.json,RA-006,Current,2026-08-15,Medium,ISSUE-006,SLA-006,2026-08,99.9597,99.9,false,203835.62,184109.59,203835.62,197260.27,203835.62,197260.27,203835.62,203835.62,197260.27,203835.62,197260.27,203835.62
SYN-FIN-2026-006-ACTUAL,synthetic-pack-20260928,V-006,Tervona Network Services,CTR-006,SVC-006,SOW-006,ORG-02,PROD-02,BC20006,T2006,2026-09-28,2025-01-01,2027-09-28,Managed service agreement,2026,Synthetic scenario,Actual,Tech,Network operations,OU3102,Production,Network service owner,Network operations,Technology Operations,Network service owner,Network operations,Network operations - synthetic 2026 case,Near Term,Technology Operations,Network service owner,Network operations,SYN-L3-02,Technology Operations,Service continuity,P2,Sustainment,Vendor services,OpEx,Network operations,Multi-location supplier service,USD,1597808.23,USD,YTD Jan-Aug,1597808.23,1597808.23,0.00,0.00,,,2026-01-01,2026-08-31,2026-08-31,SYN-2026-V1,Synthetic scenario; not posted actuals or approved budget,2400000.00,1.00,1.00,Deterministic scenario derived from source annual baseline; assess source risk and SLA separately.,CTR-006,02_contracts_sows/V-006_contract.json,RA-006,Current,2026-08-15,Medium,ISSUE-006,SLA-006,2026-08,99.9597,99.9,false,203835.62,184109.59,203835.62,197260.27,203835.62,197260.27,203835.62,203835.62,,,,
SYN-FIN-2026-007-BUDGET,synthetic-pack-20260928,V-007,Brivanta Quality Labs,CTR-007,SVC-007,SOW-007,ORG-03,PROD-03,BC20007,T2007,2026-09-28,2025-01-01,2026-11-27,Agile delivery work order,2026,Synthetic scenario,Budget,Tech,Quality engineering,OU3103,Investment,Quality engineering owner,Quality engineering,Corporate Services,Quality engineering owner,Software quality assurance,Software quality assurance - synthetic 2026 case,Near Term,Corporate Services,Quality engineering owner,Quality engineering,SYN-L3-03,Corporate Services,Service continuity,P1,Investment,Vendor services,OpEx,Quality engineering,Multi-location supplier service,USD,1813698.61,USD,FY Jan-Dec,1331506.83,1331506.83,0.00,0.00,1813698.61,0.00,2026-01-01,2026-12-31,2026-08-31,SYN-2026-V1,Synthetic scenario; not posted actuals or approved budget,2000000.00,0.94,0.97,Deterministic scenario derived from source annual baseline; assess source risk and SLA separately.,CTR-007,02_contracts_sows/V-007_contract.json,RA-007,Current,2026-08-15,Low,ISSUE-007,SLA-007,2026-08,99.0,98.0,false,169863.01,153424.66,169863.01,164383.56,169863.01,164383.56,169863.01,169863.01,164383.56,169863.01,147945.21,0.00
SYN-FIN-2026-007-FORECAST,synthetic-pack-20260928,V-007,Brivanta Quality Labs,CTR-007,SVC-007,SOW-007,ORG-03,PROD-03,BC20007,T2007,2026-09-28,2025-01-01,2026-11-27,Agile delivery work order,2026,Synthetic scenario,Forecast,Tech,Quality engineering,OU3103,Investment,Quality engineering owner,Quality engineering,Corporate Services,Quality engineering owner,Software quality assurance,Software quality assurance - synthetic 2026 case,Near Term,Corporate Services,Quality engineering owner,Quality engineering,SYN-L3-03,Corporate Services,Service continuity,P1,Investment,Vendor services,OpEx,Quality engineering,Multi-location supplier service,USD,1719342.45,USD,FY Jan-Dec,1251616.43,1331506.83,-79890.40,-6.00,1719342.45,-94356.16,2026-01-01,2026-12-31,2026-08-31,SYN-2026-V1,Synthetic scenario; not posted actuals or approved budget,2000000.00,0.94,0.97,Deterministic scenario derived from source annual baseline; assess source risk and SLA separately.,CTR-007,02_contracts_sows/V-007_contract.json,RA-007,Current,2026-08-15,Low,ISSUE-007,SLA-007,2026-08,99.0,98.0,false,159671.23,144219.18,159671.23,154520.55,159671.23,154520.55,159671.23,159671.23,159452.05,164767.12,143506.85,0.00
SYN-FIN-2026-007-ACTUAL,synthetic-pack-20260928,V-007,Brivanta Quality Labs,CTR-007,SVC-007,SOW-007,ORG-03,PROD-03,BC20007,T2007,2026-09-28,2025-01-01,2026-11-27,Agile delivery work order,2026,Synthetic scenario,Actual,Tech,Quality engineering,OU3103,Investment,Quality engineering owner,Quality engineering,Corporate Services,Quality engineering owner,Software quality assurance,Software quality assurance - synthetic 2026 case,Near Term,Corporate Services,Quality engineering owner,Quality engineering,SYN-L3-03,Corporate Services,Service continuity,P1,Investment,Vendor services,OpEx,Quality engineering,Multi-location supplier service,USD,1251616.43,USD,YTD Jan-Aug,1251616.43,1331506.83,-79890.40,-6.00,,,2026-01-01,2026-08-31,2026-08-31,SYN-2026-V1,Synthetic scenario; not posted actuals or approved budget,2000000.00,0.94,0.97,Deterministic scenario derived from source annual baseline; assess source risk and SLA separately.,CTR-007,02_contracts_sows/V-007_contract.json,RA-007,Current,2026-08-15,Low,ISSUE-007,SLA-007,2026-08,99.0,98.0,false,159671.23,144219.18,159671.23,154520.55,159671.23,154520.55,159671.23,159671.23,,,,
SYN-FIN-2026-008-BUDGET,synthetic-pack-20260928,V-008,Norevia Decision Science,CTR-008,SVC-008,SOW-008,ORG-04,PROD-04,BC20008,T2008,2026-09-28,2025-01-01,2027-06-25,Research stage-gate SOW,2026,Synthetic scenario,Budget,Tech,Data science,OU3104,Investment,Model risk and analytics owner,Data science,Transformation,Model risk and analytics owner,Data science and vendor anomaly modeling,Data science and vendor anomaly modeling - synthetic 2026 case,Near Term,Transformation,Model risk and analytics owner,Data science,SYN-L3-04,Transformation,Service continuity,P2,Investment,Vendor services,OpEx,Data science,Multi-location supplier service,USD,2800000.02,USD,FY Jan-Dec,1864109.60,1864109.60,0.00,0.00,2800000.02,0.00,2026-01-01,2026-12-31,2026-08-31,SYN-2026-V1,Synthetic scenario; not posted actuals or approved budget,2800000.00,1.06,1.10,Deterministic scenario derived from source annual baseline; assess source risk and SLA separately.,CTR-008,02_contracts_sows/V-008_contract.json,RA-008,Current,2026-08-15,Medium,ISSUE-008,SLA-008,2026-08,99.0,98.0,false,237808.22,214794.52,237808.22,230136.99,237808.22,230136.99,237808.22,237808.22,230136.99,237808.22,230136.99,237808.22
SYN-FIN-2026-008-FORECAST,synthetic-pack-20260928,V-008,Norevia Decision Science,CTR-008,SVC-008,SOW-008,ORG-04,PROD-04,BC20008,T2008,2026-09-28,2025-01-01,2027-06-25,Research stage-gate SOW,2026,Synthetic scenario,Forecast,Tech,Data science,OU3104,Investment,Model risk and analytics owner,Data science,Transformation,Model risk and analytics owner,Data science and vendor anomaly modeling,Data science and vendor anomaly modeling - synthetic 2026 case,Near Term,Transformation,Model risk and analytics owner,Data science,SYN-L3-04,Transformation,Service continuity,P2,Investment,Vendor services,OpEx,Data science,Multi-location supplier service,USD,3005435.62,USD,FY Jan-Dec,1975956.16,1864109.60,111846.56,6.00,3005435.62,205435.60,2026-01-01,2026-12-31,2026-08-31,SYN-2026-V1,Synthetic scenario; not posted actuals or approved budget,2800000.00,1.06,1.10,Deterministic scenario derived from source annual baseline; assess source risk and SLA separately.,CTR-008,02_contracts_sows/V-008_contract.json,RA-008,Current,2026-08-15,Medium,ISSUE-008,SLA-008,2026-08,99.0,98.0,false,252076.71,227682.19,252076.71,243945.21,252076.71,243945.21,252076.71,252076.71,253150.69,261589.04,253150.69,261589.04
SYN-FIN-2026-008-ACTUAL,synthetic-pack-20260928,V-008,Norevia Decision Science,CTR-008,SVC-008,SOW-008,ORG-04,PROD-04,BC20008,T2008,2026-09-28,2025-01-01,2027-06-25,Research stage-gate SOW,2026,Synthetic scenario,Actual,Tech,Data science,OU3104,Investment,Model risk and analytics owner,Data science,Transformation,Model risk and analytics owner,Data science and vendor anomaly modeling,Data science and vendor anomaly modeling - synthetic 2026 case,Near Term,Transformation,Model risk and analytics owner,Data science,SYN-L3-04,Transformation,Service continuity,P2,Investment,Vendor services,OpEx,Data science,Multi-location supplier service,USD,1975956.16,USD,YTD Jan-Aug,1975956.16,1864109.60,111846.56,6.00,,,2026-01-01,2026-08-31,2026-08-31,SYN-2026-V1,Synthetic scenario; not posted actuals or approved budget,2800000.00,1.06,1.10,Deterministic scenario derived from source annual baseline; assess source risk and SLA separately.,CTR-008,02_contracts_sows/V-008_contract.json,RA-008,Current,2026-08-15,Medium,ISSUE-008,SLA-008,2026-08,99.0,98.0,false,252076.71,227682.19,252076.71,243945.21,252076.71,243945.21,252076.71,252076.71,,,,
SYN-FIN-2026-009-BUDGET,synthetic-pack-20260928,V-009,Veylora Application Services,CTR-009,SVC-009,SOW-009,ORG-01,PROD-01,BC20009,T2009,2026-09-28,2025-01-01,2026-11-12,Capacity support schedule,2026,Synthetic scenario,Budget,Tech,Application maintenance,OU3101,Production,Application portfolio owner,Application maintenance,Payments,Application portfolio owner,Application maintenance,Application maintenance - synthetic 2026 case,Near Term,Payments,Application portfolio owner,Application maintenance,SYN-L3-01,Payments,Remediation,P1,Sustainment,Vendor services,OpEx,Application maintenance,Multi-location supplier service,USD,4328767.08,USD,FY Jan-Dec,3328767.09,3328767.09,0.00,0.00,4328767.08,0.00,2026-01-01,2026-12-31,2026-08-31,SYN-2026-V1,Synthetic scenario; not posted actuals or approved budget,5000000.00,1.12,1.18,Higher modeled spend and stale risk assessment; remediation and refreshed assessment needed before renewal.,CTR-009,02_contracts_sows/V-009_contract.json,RA-009,Stale,2025-06-01,High,ISSUE-009,SLA-009,2026-08,99.7984,99.9,true,424657.53,383561.64,424657.53,410958.90,424657.53,410958.90,424657.53,424657.53,410958.90,424657.53,164383.56,0.00
SYN-FIN-2026-009-FORECAST,synthetic-pack-20260928,V-009,Veylora Application Services,CTR-009,SVC-009,SOW-009,ORG-01,PROD-01,BC20009,T2009,2026-09-28,2025-01-01,2026-11-12,Capacity support schedule,2026,Synthetic scenario,Forecast,Tech,Application maintenance,OU3101,Production,Application portfolio owner,Application maintenance,Payments,Application portfolio owner,Application maintenance,Application maintenance - synthetic 2026 case,Near Term,Payments,Application portfolio owner,Application maintenance,SYN-L3-01,Payments,Remediation,P1,Sustainment,Vendor services,OpEx,Application maintenance,Multi-location supplier service,USD,4908219.12,USD,FY Jan-Dec,3728219.13,3328767.09,399452.04,12.00,4908219.12,579452.04,2026-01-01,2026-12-31,2026-08-31,SYN-2026-V1,Synthetic scenario; not posted actuals or approved budget,5000000.00,1.12,1.18,Higher modeled spend and stale risk assessment; remediation and refreshed assessment needed before renewal.,CTR-009,02_contracts_sows/V-009_contract.json,RA-009,Stale,2025-06-01,High,ISSUE-009,SLA-009,2026-08,99.7984,99.9,true,475616.43,429589.04,475616.43,460273.97,475616.43,460273.97,475616.43,475616.43,484931.50,501095.89,193972.60,0.00
SYN-FIN-2026-009-ACTUAL,synthetic-pack-20260928,V-009,Veylora Application Services,CTR-009,SVC-009,SOW-009,ORG-01,PROD-01,BC20009,T2009,2026-09-28,2025-01-01,2026-11-12,Capacity support schedule,2026,Synthetic scenario,Actual,Tech,Application maintenance,OU3101,Production,Application portfolio owner,Application maintenance,Payments,Application portfolio owner,Application maintenance,Application maintenance - synthetic 2026 case,Near Term,Payments,Application portfolio owner,Application maintenance,SYN-L3-01,Payments,Remediation,P1,Sustainment,Vendor services,OpEx,Application maintenance,Multi-location supplier service,USD,3728219.13,USD,YTD Jan-Aug,3728219.13,3328767.09,399452.04,12.00,,,2026-01-01,2026-08-31,2026-08-31,SYN-2026-V1,Synthetic scenario; not posted actuals or approved budget,5000000.00,1.12,1.18,Higher modeled spend and stale risk assessment; remediation and refreshed assessment needed before renewal.,CTR-009,02_contracts_sows/V-009_contract.json,RA-009,Stale,2025-06-01,High,ISSUE-009,SLA-009,2026-08,99.7984,99.9,true,475616.43,429589.04,475616.43,460273.97,475616.43,460273.97,475616.43,475616.43,,,,
SYN-FIN-2026-010-BUDGET,synthetic-pack-20260928,V-010,Solenquill Workflow Software,CTR-010,SVC-010,SOW-010,ORG-02,PROD-02,BC20010,T2010,2026-09-28,2025-01-01,2027-02-25,SaaS subscription order,2026,Synthetic scenario,Budget,Tech,Workflow software,OU3102,Production,Workflow product owner,Workflow software,Technology Operations,Workflow product owner,Workflow platform subscription,Workflow platform subscription - synthetic 2026 case,Near Term,Technology Operations,Workflow product owner,Workflow software,SYN-L3-02,Technology Operations,Service continuity,P2,Sustainment,Vendor services,OpEx,Workflow software,Multi-location supplier service,USD,1100000.02,USD,FY Jan-Dec,732328.78,732328.78,0.00,0.00,1100000.02,0.00,2026-01-01,2026-12-31,2026-08-31,SYN-2026-V1,Synthetic scenario; not posted actuals or approved budget,1100000.00,1.01,1.03,Deterministic scenario derived from source annual baseline; assess source risk and SLA separately.,CTR-010,02_contracts_sows/V-010_contract.json,RA-010,Current,2026-08-15,Medium,ISSUE-010,SLA-010,2026-08,99.9664,99.9,false,93424.66,84383.56,93424.66,90410.96,93424.66,90410.96,93424.66,93424.66,90410.96,93424.66,90410.96,93424.66
SYN-FIN-2026-010-FORECAST,synthetic-pack-20260928,V-010,Solenquill Workflow Software,CTR-010,SVC-010,SOW-010,ORG-02,PROD-02,BC20010,T2010,2026-09-28,2025-01-01,2027-02-25,SaaS subscription order,2026,Synthetic scenario,Forecast,Tech,Workflow software,OU3102,Production,Workflow product owner,Workflow software,Technology Operations,Workflow product owner,Workflow platform subscription,Workflow platform subscription - synthetic 2026 case,Near Term,Technology Operations,Workflow product owner,Workflow software,SYN-L3-02,Technology Operations,Service continuity,P2,Sustainment,Vendor services,OpEx,Workflow software,Multi-location supplier service,USD,1118353.47,USD,FY Jan-Dec,739652.09,732328.78,7323.31,1.00,1118353.47,18353.45,2026-01-01,2026-12-31,2026-08-31,SYN-2026-V1,Synthetic scenario; not posted actuals or approved budget,1100000.00,1.01,1.03,Deterministic scenario derived from source annual baseline; assess source risk and SLA separately.,CTR-010,02_contracts_sows/V-010_contract.json,RA-010,Current,2026-08-15,Medium,ISSUE-010,SLA-010,2026-08,99.9664,99.9,false,94358.91,85227.40,94358.91,91315.07,94358.91,91315.07,94358.91,94358.91,93123.29,96227.40,93123.29,96227.40
SYN-FIN-2026-010-ACTUAL,synthetic-pack-20260928,V-010,Solenquill Workflow Software,CTR-010,SVC-010,SOW-010,ORG-02,PROD-02,BC20010,T2010,2026-09-28,2025-01-01,2027-02-25,SaaS subscription order,2026,Synthetic scenario,Actual,Tech,Workflow software,OU3102,Production,Workflow product owner,Workflow software,Technology Operations,Workflow product owner,Workflow platform subscription,Workflow platform subscription - synthetic 2026 case,Near Term,Technology Operations,Workflow product owner,Workflow software,SYN-L3-02,Technology Operations,Service continuity,P2,Sustainment,Vendor services,OpEx,Workflow software,Multi-location supplier service,USD,739652.09,USD,YTD Jan-Aug,739652.09,732328.78,7323.31,1.00,,,2026-01-01,2026-08-31,2026-08-31,SYN-2026-V1,Synthetic scenario; not posted actuals or approved budget,1100000.00,1.01,1.03,Deterministic scenario derived from source annual baseline; assess source risk and SLA separately.,CTR-010,02_contracts_sows/V-010_contract.json,RA-010,Current,2026-08-15,Medium,ISSUE-010,SLA-010,2026-08,99.9664,99.9,false,94358.91,85227.40,94358.91,91315.07,94358.91,91315.07,94358.91,94358.91,,,,
SYN-FIN-2026-011-BUDGET,synthetic-pack-20260928,V-011,Caldris Recovery Services,CTR-011,SVC-011,SOW-011,ORG-03,PROD-03,BC20011,T2011,2026-09-28,2025-01-01,2027-04-26,Managed service agreement,2026,Synthetic scenario,Budget,Tech,Recovery,OU3103,Production,Resilience owner,Recovery,Corporate Services,Resilience owner,Backup and recovery operations,Backup and recovery operations - synthetic 2026 case,Near Term,Corporate Services,Resilience owner,Recovery,SYN-L3-03,Corporate Services,Service continuity,P2,Sustainment,Vendor services,OpEx,Recovery,Multi-location supplier service,USD,1999999.97,USD,FY Jan-Dec,1331506.83,1331506.83,0.00,0.00,1999999.97,0.00,2026-01-01,2026-12-31,2026-08-31,SYN-2026-V1,Synthetic scenario; not posted actuals or approved budget,2000000.00,1.03,1.05,Deterministic scenario derived from source annual baseline; assess source risk and SLA separately.,CTR-011,02_contracts_sows/V-011_contract.json,RA-011,Current,2026-08-15,Low,ISSUE-011,SLA-011,2026-08,99.0,98.0,false,169863.01,153424.66,169863.01,164383.56,169863.01,164383.56,169863.01,169863.01,164383.56,169863.01,164383.56,169863.01
SYN-FIN-2026-011-FORECAST,synthetic-pack-20260928,V-011,Caldris Recovery Services,CTR-011,SVC-011,SOW-011,ORG-03,PROD-03,BC20011,T2011,2026-09-28,2025-01-01,2027-04-26,Managed service agreement,2026,Synthetic scenario,Forecast,Tech,Recovery,OU3103,Production,Resilience owner,Recovery,Corporate Services,Resilience owner,Backup and recovery operations,Backup and recovery operations - synthetic 2026 case,Near Term,Corporate Services,Resilience owner,Recovery,SYN-L3-03,Corporate Services,Service continuity,P2,Sustainment,Vendor services,OpEx,Recovery,Multi-location supplier service,USD,2073369.84,USD,FY Jan-Dec,1371452.04,1331506.83,39945.21,3.00,2073369.84,73369.87,2026-01-01,2026-12-31,2026-08-31,SYN-2026-V1,Synthetic scenario; not posted actuals or approved budget,2000000.00,1.03,1.05,Deterministic scenario derived from source annual baseline; assess source risk and SLA separately.,CTR-011,02_contracts_sows/V-011_contract.json,RA-011,Current,2026-08-15,Low,ISSUE-011,SLA-011,2026-08,99.0,98.0,false,174958.90,158027.40,174958.90,169315.07,174958.90,169315.07,174958.90,174958.90,172602.74,178356.16,172602.74,178356.16
SYN-FIN-2026-011-ACTUAL,synthetic-pack-20260928,V-011,Caldris Recovery Services,CTR-011,SVC-011,SOW-011,ORG-03,PROD-03,BC20011,T2011,2026-09-28,2025-01-01,2027-04-26,Managed service agreement,2026,Synthetic scenario,Actual,Tech,Recovery,OU3103,Production,Resilience owner,Recovery,Corporate Services,Resilience owner,Backup and recovery operations,Backup and recovery operations - synthetic 2026 case,Near Term,Corporate Services,Resilience owner,Recovery,SYN-L3-03,Corporate Services,Service continuity,P2,Sustainment,Vendor services,OpEx,Recovery,Multi-location supplier service,USD,1371452.04,USD,YTD Jan-Aug,1371452.04,1331506.83,39945.21,3.00,,,2026-01-01,2026-08-31,2026-08-31,SYN-2026-V1,Synthetic scenario; not posted actuals or approved budget,2000000.00,1.03,1.05,Deterministic scenario derived from source annual baseline; assess source risk and SLA separately.,CTR-011,02_contracts_sows/V-011_contract.json,RA-011,Current,2026-08-15,Low,ISSUE-011,SLA-011,2026-08,99.0,98.0,false,174958.90,158027.40,174958.90,169315.07,174958.90,169315.07,174958.90,174958.90,,,,
SYN-FIN-2026-012-BUDGET,synthetic-pack-20260928,V-012,Avendryl Analytics Studio,CTR-012,SVC-012,SOW-012,ORG-04,PROD-04,BC20012,T2012,2026-09-28,2025-01-01,2027-08-24,Fixed-price delivery SOW,2026,Synthetic scenario,Budget,Tech,BI and dashboards,OU3104,Investment,Analytics owner,BI and dashboards,Transformation,Analytics owner,Executive BI dashboards and semantic modeling,Executive BI dashboards and semantic modeling - synthetic 2026 case,Near Term,Transformation,Analytics owner,BI and dashboards,SYN-L3-04,Transformation,Service continuity,P2,Investment,Vendor services,OpEx,BI and dashboards,Multi-location supplier service,USD,2400000.01,USD,FY Jan-Dec,1597808.23,1597808.23,0.00,0.00,2400000.01,0.00,2026-01-01,2026-12-31,2026-08-31,SYN-2026-V1,Synthetic scenario; not posted actuals or approved budget,2400000.00,1.05,1.10,Deterministic scenario derived from source annual baseline; assess source risk and SLA separately.,CTR-012,02_contracts_sows/V-012_contract.json,RA-012,Current,2026-08-15,Medium,ISSUE-012,SLA-012,2026-08,98.8889,98.0,false,203835.62,184109.59,203835.62,197260.27,203835.62,197260.27,203835.62,203835.62,197260.27,203835.62,197260.27,203835.62
SYN-FIN-2026-012-FORECAST,synthetic-pack-20260928,V-012,Avendryl Analytics Studio,CTR-012,SVC-012,SOW-012,ORG-04,PROD-04,BC20012,T2012,2026-09-28,2025-01-01,2027-08-24,Fixed-price delivery SOW,2026,Synthetic scenario,Forecast,Tech,BI and dashboards,OU3104,Investment,Analytics owner,BI and dashboards,Transformation,Analytics owner,Executive BI dashboards and semantic modeling,Executive BI dashboards and semantic modeling - synthetic 2026 case,Near Term,Transformation,Analytics owner,BI and dashboards,SYN-L3-04,Transformation,Service continuity,P2,Investment,Vendor services,OpEx,BI and dashboards,Multi-location supplier service,USD,2560109.59,USD,FY Jan-Dec,1677698.63,1597808.23,79890.40,5.00,2560109.59,160109.58,2026-01-01,2026-12-31,2026-08-31,SYN-2026-V1,Synthetic scenario; not posted actuals or approved budget,2400000.00,1.05,1.10,Deterministic scenario derived from source annual baseline; assess source risk and SLA separately.,CTR-012,02_contracts_sows/V-012_contract.json,RA-012,Current,2026-08-15,Medium,ISSUE-012,SLA-012,2026-08,98.8889,98.0,false,214027.40,193315.07,214027.40,207123.28,214027.40,207123.28,214027.40,214027.40,216986.30,224219.18,216986.30,224219.18
SYN-FIN-2026-012-ACTUAL,synthetic-pack-20260928,V-012,Avendryl Analytics Studio,CTR-012,SVC-012,SOW-012,ORG-04,PROD-04,BC20012,T2012,2026-09-28,2025-01-01,2027-08-24,Fixed-price delivery SOW,2026,Synthetic scenario,Actual,Tech,BI and dashboards,OU3104,Investment,Analytics owner,BI and dashboards,Transformation,Analytics owner,Executive BI dashboards and semantic modeling,Executive BI dashboards and semantic modeling - synthetic 2026 case,Near Term,Transformation,Analytics owner,BI and dashboards,SYN-L3-04,Transformation,Service continuity,P2,Investment,Vendor services,OpEx,BI and dashboards,Multi-location supplier service,USD,1677698.63,USD,YTD Jan-Aug,1677698.63,1597808.23,79890.40,5.00,,,2026-01-01,2026-08-31,2026-08-31,SYN-2026-V1,Synthetic scenario; not posted actuals or approved budget,2400000.00,1.05,1.10,Deterministic scenario derived from source annual baseline; assess source risk and SLA separately.,CTR-012,02_contracts_sows/V-012_contract.json,RA-012,Current,2026-08-15,Medium,ISSUE-012,SLA-012,2026-08,98.8889,98.0,false,214027.40,193315.07,214027.40,207123.28,214027.40,207123.28,214027.40,214027.40,,,,
SYN-FIN-2026-013-BUDGET,synthetic-pack-20260928,V-013,Mirelune Facilities,CTR-013,SVC-013,SOW-013,ORG-01,PROD-01,BC20013,T2013,2026-09-28,2025-01-01,2026-12-12,Managed service agreement,2026,Synthetic scenario,Budget,LOB,Facilities,OU3101,Production,Facilities owner,Facilities,Payments,Facilities owner,Office facilities management,Office facilities management - synthetic 2026 case,Near Term,Payments,Facilities owner,Facilities,SYN-L3-01,Payments,Remediation,P1,Sustainment,Vendor services,OpEx,Facilities,Multi-location supplier service,USD,1421917.80,USD,FY Jan-Dec,998630.13,998630.13,0.00,0.00,1421917.80,0.00,2026-01-01,2026-12-31,2026-08-31,SYN-2026-V1,Synthetic scenario; not posted actuals or approved budget,1500000.00,0.98,0.99,Deterministic scenario derived from source annual baseline; assess source risk and SLA separately.,CTR-013,02_contracts_sows/V-013_contract.json,RA-013,Current,2026-08-15,Low,ISSUE-013,SLA-013,2026-08,96.5,98.0,true,127397.26,115068.49,127397.26,123287.67,127397.26,123287.67,127397.26,127397.26,123287.67,127397.26,123287.67,49315.07
SYN-FIN-2026-013-FORECAST,synthetic-pack-20260928,V-013,Mirelune Facilities,CTR-013,SVC-013,SOW-013,ORG-01,PROD-01,BC20013,T2013,2026-09-28,2025-01-01,2026-12-12,Managed service agreement,2026,Synthetic scenario,Forecast,LOB,Facilities,OU3101,Production,Facilities owner,Facilities,Payments,Facilities owner,Office facilities management,Office facilities management - synthetic 2026 case,Near Term,Payments,Facilities owner,Facilities,SYN-L3-01,Payments,Remediation,P1,Sustainment,Vendor services,OpEx,Facilities,Multi-location supplier service,USD,1397712.30,USD,FY Jan-Dec,978657.51,998630.13,-19972.62,-2.00,1397712.30,-24205.50,2026-01-01,2026-12-31,2026-08-31,SYN-2026-V1,Synthetic scenario; not posted actuals or approved budget,1500000.00,0.98,0.99,Deterministic scenario derived from source annual baseline; assess source risk and SLA separately.,CTR-013,02_contracts_sows/V-013_contract.json,RA-013,Current,2026-08-15,Low,ISSUE-013,SLA-013,2026-08,96.5,98.0,true,124849.31,112767.12,124849.31,120821.92,124849.31,120821.92,124849.31,124849.31,122054.79,126123.29,122054.79,48821.92
SYN-FIN-2026-013-ACTUAL,synthetic-pack-20260928,V-013,Mirelune Facilities,CTR-013,SVC-013,SOW-013,ORG-01,PROD-01,BC20013,T2013,2026-09-28,2025-01-01,2026-12-12,Managed service agreement,2026,Synthetic scenario,Actual,LOB,Facilities,OU3101,Production,Facilities owner,Facilities,Payments,Facilities owner,Office facilities management,Office facilities management - synthetic 2026 case,Near Term,Payments,Facilities owner,Facilities,SYN-L3-01,Payments,Remediation,P1,Sustainment,Vendor services,OpEx,Facilities,Multi-location supplier service,USD,978657.51,USD,YTD Jan-Aug,978657.51,998630.13,-19972.62,-2.00,,,2026-01-01,2026-08-31,2026-08-31,SYN-2026-V1,Synthetic scenario; not posted actuals or approved budget,1500000.00,0.98,0.99,Deterministic scenario derived from source annual baseline; assess source risk and SLA separately.,CTR-013,02_contracts_sows/V-013_contract.json,RA-013,Current,2026-08-15,Low,ISSUE-013,SLA-013,2026-08,96.5,98.0,true,124849.31,112767.12,124849.31,120821.92,124849.31,120821.92,124849.31,124849.31,,,,
SYN-FIN-2026-014-BUDGET,synthetic-pack-20260928,V-014,Kestrelune Site Protection,CTR-014,SVC-014,SOW-014,ORG-02,PROD-02,BC20014,T2014,2026-09-28,2025-01-01,2027-01-16,Unit-rate service order,2026,Synthetic scenario,Budget,LOB,Physical security,OU3102,Production,Physical security owner,Physical security,Technology Operations,Physical security owner,Physical security services,Physical security services - synthetic 2026 case,Near Term,Technology Operations,Physical security owner,Physical security,SYN-L3-02,Technology Operations,Remediation,P1,Sustainment,Vendor services,OpEx,Physical security,Multi-location supplier service,USD,1000000.02,USD,FY Jan-Dec,665753.44,665753.44,0.00,0.00,1000000.02,0.00,2026-01-01,2026-12-31,2026-08-31,SYN-2026-V1,Synthetic scenario; not posted actuals or approved budget,1000000.00,1.07,1.11,Deterministic scenario derived from source annual baseline; assess source risk and SLA separately.,CTR-014,02_contracts_sows/V-014_contract.json,RA-014,Current,2026-08-15,High,ISSUE-014,SLA-014,2026-08,96.4896,98.0,true,84931.51,76712.33,84931.51,82191.78,84931.51,82191.78,84931.51,84931.51,82191.78,84931.51,82191.78,84931.51
SYN-FIN-2026-014-FORECAST,synthetic-pack-20260928,V-014,Kestrelune Site Protection,CTR-014,SVC-014,SOW-014,ORG-02,PROD-02,BC20014,T2014,2026-09-28,2025-01-01,2027-01-16,Unit-rate service order,2026,Synthetic scenario,Forecast,LOB,Physical security,OU3102,Production,Physical security owner,Physical security,Technology Operations,Physical security owner,Physical security services,Physical security services - synthetic 2026 case,Near Term,Technology Operations,Physical security owner,Physical security,SYN-L3-02,Technology Operations,Remediation,P1,Sustainment,Vendor services,OpEx,Physical security,Multi-location supplier service,USD,1083369.91,USD,FY Jan-Dec,712356.19,665753.44,46602.75,7.00,1083369.91,83369.89,2026-01-01,2026-12-31,2026-08-31,SYN-2026-V1,Synthetic scenario; not posted actuals or approved budget,1000000.00,1.07,1.11,Deterministic scenario derived from source annual baseline; assess source risk and SLA separately.,CTR-014,02_contracts_sows/V-014_contract.json,RA-014,Current,2026-08-15,High,ISSUE-014,SLA-014,2026-08,96.4896,98.0,true,90876.72,82082.19,90876.72,87945.20,90876.72,87945.20,90876.72,90876.72,91232.88,94273.98,91232.88,94273.98
SYN-FIN-2026-014-ACTUAL,synthetic-pack-20260928,V-014,Kestrelune Site Protection,CTR-014,SVC-014,SOW-014,ORG-02,PROD-02,BC20014,T2014,2026-09-28,2025-01-01,2027-01-16,Unit-rate service order,2026,Synthetic scenario,Actual,LOB,Physical security,OU3102,Production,Physical security owner,Physical security,Technology Operations,Physical security owner,Physical security services,Physical security services - synthetic 2026 case,Near Term,Technology Operations,Physical security owner,Physical security,SYN-L3-02,Technology Operations,Remediation,P1,Sustainment,Vendor services,OpEx,Physical security,Multi-location supplier service,USD,712356.19,USD,YTD Jan-Aug,712356.19,665753.44,46602.75,7.00,,,2026-01-01,2026-08-31,2026-08-31,SYN-2026-V1,Synthetic scenario; not posted actuals or approved budget,1000000.00,1.07,1.11,Deterministic scenario derived from source annual baseline; assess source risk and SLA separately.,CTR-014,02_contracts_sows/V-014_contract.json,RA-014,Current,2026-08-15,High,ISSUE-014,SLA-014,2026-08,96.4896,98.0,true,90876.72,82082.19,90876.72,87945.20,90876.72,87945.20,90876.72,90876.72,,,,
SYN-FIN-2026-015-BUDGET,synthetic-pack-20260928,V-015,Elowyn Language Bureau,CTR-015,SVC-015,SOW-015,ORG-03,PROD-03,BC20015,T2015,2026-09-28,2025-01-01,2027-07-25,Unit-rate service order,2026,Synthetic scenario,Budget,LOB,Language services,OU3103,Production,Communications owner,Language services,Corporate Services,Communications owner,Translation and localization,Translation and localization - synthetic 2026 case,Near Term,Corporate Services,Communications owner,Language services,SYN-L3-03,Corporate Services,Service continuity,P2,Sustainment,Vendor services,OpEx,Language services,Multi-location supplier service,USD,399999.97,USD,FY Jan-Dec,266301.35,266301.35,0.00,0.00,399999.97,0.00,2026-01-01,2026-12-31,2026-08-31,SYN-2026-V1,Synthetic scenario; not posted actuals or approved budget,400000.00,0.95,0.98,Deterministic scenario derived from source annual baseline; assess source risk and SLA separately.,CTR-015,02_contracts_sows/V-015_contract.json,RA-015,Current,2026-08-15,Low,ISSUE-015,SLA-015,2026-08,99.0,98.0,false,33972.60,30684.93,33972.60,32876.71,33972.60,32876.71,33972.60,33972.60,32876.71,33972.60,32876.71,33972.60
SYN-FIN-2026-015-FORECAST,synthetic-pack-20260928,V-015,Elowyn Language Bureau,CTR-015,SVC-015,SOW-015,ORG-03,PROD-03,BC20015,T2015,2026-09-28,2025-01-01,2027-07-25,Unit-rate service order,2026,Synthetic scenario,Forecast,LOB,Language services,OU3103,Production,Communications owner,Language services,Corporate Services,Communications owner,Translation and localization,Translation and localization - synthetic 2026 case,Near Term,Corporate Services,Communications owner,Language services,SYN-L3-03,Corporate Services,Service continuity,P2,Sustainment,Vendor services,OpEx,Language services,Multi-location supplier service,USD,384010.93,USD,FY Jan-Dec,252986.27,266301.35,-13315.08,-5.00,384010.93,-15989.04,2026-01-01,2026-12-31,2026-08-31,SYN-2026-V1,Synthetic scenario; not posted actuals or approved budget,400000.00,0.95,0.98,Deterministic scenario derived from source annual baseline; assess source risk and SLA separately.,CTR-015,02_contracts_sows/V-015_contract.json,RA-015,Current,2026-08-15,Low,ISSUE-015,SLA-015,2026-08,99.0,98.0,false,32273.97,29150.68,32273.97,31232.87,32273.97,31232.87,32273.97,32273.97,32219.18,33293.15,32219.18,33293.15
SYN-FIN-2026-015-ACTUAL,synthetic-pack-20260928,V-015,Elowyn Language Bureau,CTR-015,SVC-015,SOW-015,ORG-03,PROD-03,BC20015,T2015,2026-09-28,2025-01-01,2027-07-25,Unit-rate service order,2026,Synthetic scenario,Actual,LOB,Language services,OU3103,Production,Communications owner,Language services,Corporate Services,Communications owner,Translation and localization,Translation and localization - synthetic 2026 case,Near Term,Corporate Services,Communications owner,Language services,SYN-L3-03,Corporate Services,Service continuity,P2,Sustainment,Vendor services,OpEx,Language services,Multi-location supplier service,USD,252986.27,USD,YTD Jan-Aug,252986.27,266301.35,-13315.08,-5.00,,,2026-01-01,2026-08-31,2026-08-31,SYN-2026-V1,Synthetic scenario; not posted actuals or approved budget,400000.00,0.95,0.98,Deterministic scenario derived from source annual baseline; assess source risk and SLA separately.,CTR-015,02_contracts_sows/V-015_contract.json,RA-015,Current,2026-08-15,Low,ISSUE-015,SLA-015,2026-08,99.0,98.0,false,32273.97,29150.68,32273.97,31232.87,32273.97,31232.87,32273.97,32273.97,,,,
SYN-FIN-2026-016-BUDGET,synthetic-pack-20260928,V-016,Faronelle Records Services,CTR-016,SVC-016,SOW-016,ORG-04,PROD-04,BC20016,T2016,2026-09-28,2025-01-01,2027-04-16,Unit-rate service order,2026,Synthetic scenario,Budget,LOB,Records,OU3104,Production,Records owner,Records,Transformation,Records owner,Records storage and retrieval,Records storage and retrieval - synthetic 2026 case,Near Term,Transformation,Records owner,Records,SYN-L3-04,Transformation,Service continuity,P2,Sustainment,Vendor services,OpEx,Records,Multi-location supplier service,USD,699999.98,USD,FY Jan-Dec,466027.38,466027.38,0.00,0.00,699999.98,0.00,2026-01-01,2026-12-31,2026-08-31,SYN-2026-V1,Synthetic scenario; not posted actuals or approved budget,700000.00,1.00,1.02,Deterministic scenario derived from source annual baseline; assess source risk and SLA separately.,CTR-016,02_contracts_sows/V-016_contract.json,RA-016,Current,2026-08-15,High,ISSUE-016,SLA-016,2026-08,99.0,98.0,false,59452.05,53698.63,59452.05,57534.25,59452.05,57534.25,59452.05,59452.05,57534.25,59452.05,57534.25,59452.05
SYN-FIN-2026-016-FORECAST,synthetic-pack-20260928,V-016,Faronelle Records Services,CTR-016,SVC-016,SOW-016,ORG-04,PROD-04,BC20016,T2016,2026-09-28,2025-01-01,2027-04-16,Unit-rate service order,2026,Synthetic scenario,Forecast,LOB,Records,OU3104,Production,Records owner,Records,Transformation,Records owner,Records storage and retrieval,Records storage and retrieval - synthetic 2026 case,Near Term,Transformation,Records owner,Records,SYN-L3-04,Transformation,Service continuity,P2,Sustainment,Vendor services,OpEx,Records,Multi-location supplier service,USD,704679.44,USD,FY Jan-Dec,466027.38,466027.38,0.00,0.00,704679.44,4679.46,2026-01-01,2026-12-31,2026-08-31,SYN-2026-V1,Synthetic scenario; not posted actuals or approved budget,700000.00,1.00,1.02,Deterministic scenario derived from source annual baseline; assess source risk and SLA separately.,CTR-016,02_contracts_sows/V-016_contract.json,RA-016,Current,2026-08-15,High,ISSUE-016,SLA-016,2026-08,99.0,98.0,false,59452.05,53698.63,59452.05,57534.25,59452.05,57534.25,59452.05,59452.05,58684.94,60641.09,58684.94,60641.09
SYN-FIN-2026-016-ACTUAL,synthetic-pack-20260928,V-016,Faronelle Records Services,CTR-016,SVC-016,SOW-016,ORG-04,PROD-04,BC20016,T2016,2026-09-28,2025-01-01,2027-04-16,Unit-rate service order,2026,Synthetic scenario,Actual,LOB,Records,OU3104,Production,Records owner,Records,Transformation,Records owner,Records storage and retrieval,Records storage and retrieval - synthetic 2026 case,Near Term,Transformation,Records owner,Records,SYN-L3-04,Transformation,Service continuity,P2,Sustainment,Vendor services,OpEx,Records,Multi-location supplier service,USD,466027.38,USD,YTD Jan-Aug,466027.38,466027.38,0.00,0.00,,,2026-01-01,2026-08-31,2026-08-31,SYN-2026-V1,Synthetic scenario; not posted actuals or approved budget,700000.00,1.00,1.02,Deterministic scenario derived from source annual baseline; assess source risk and SLA separately.,CTR-016,02_contracts_sows/V-016_contract.json,RA-016,Current,2026-08-15,High,ISSUE-016,SLA-016,2026-08,99.0,98.0,false,59452.05,53698.63,59452.05,57534.25,59452.05,57534.25,59452.05,59452.05,,,,
SYN-FIN-2026-017-BUDGET,synthetic-pack-20260928,V-017,Pelvanta Learning Partners,CTR-017,SVC-017,SOW-017,ORG-01,PROD-01,BC20017,T2017,2026-09-28,2025-01-01,2027-11-02,Training call-off order,2026,Synthetic scenario,Budget,LOB,Learning,OU3101,Production,Learning owner,Learning,Payments,Learning owner,Workforce learning delivery,Workforce learning delivery - synthetic 2026 case,Near Term,Payments,Learning owner,Learning,SYN-L3-01,Payments,Remediation,P1,Sustainment,Vendor services,OpEx,Learning,Multi-location supplier service,USD,499999.97,USD,FY Jan-Dec,332876.69,332876.69,0.00,0.00,499999.97,0.00,2026-01-01,2026-12-31,2026-08-31,SYN-2026-V1,Synthetic scenario; not posted actuals or approved budget,500000.00,1.00,1.00,Risk assessment Missing; evidence is insufficient for a risk-based renewal recommendation.,CTR-017,02_contracts_sows/V-017_contract.json,RA-017,Missing,,,ISSUE-017,SLA-017,2026-08,100.0,98.0,false,42465.75,38356.16,42465.75,41095.89,42465.75,41095.89,42465.75,42465.75,41095.89,42465.75,41095.89,42465.75
SYN-FIN-2026-017-FORECAST,synthetic-pack-20260928,V-017,Pelvanta Learning Partners,CTR-017,SVC-017,SOW-017,ORG-01,PROD-01,BC20017,T2017,2026-09-28,2025-01-01,2027-11-02,Training call-off order,2026,Synthetic scenario,Forecast,LOB,Learning,OU3101,Production,Learning owner,Learning,Payments,Learning owner,Workforce learning delivery,Workforce learning delivery - synthetic 2026 case,Near Term,Payments,Learning owner,Learning,SYN-L3-01,Payments,Remediation,P1,Sustainment,Vendor services,OpEx,Learning,Multi-location supplier service,USD,499999.97,USD,FY Jan-Dec,332876.69,332876.69,0.00,0.00,499999.97,0.00,2026-01-01,2026-12-31,2026-08-31,SYN-2026-V1,Synthetic scenario; not posted actuals or approved budget,500000.00,1.00,1.00,Risk assessment Missing; evidence is insufficient for a risk-based renewal recommendation.,CTR-017,02_contracts_sows/V-017_contract.json,RA-017,Missing,,,ISSUE-017,SLA-017,2026-08,100.0,98.0,false,42465.75,38356.16,42465.75,41095.89,42465.75,41095.89,42465.75,42465.75,41095.89,42465.75,41095.89,42465.75
SYN-FIN-2026-017-ACTUAL,synthetic-pack-20260928,V-017,Pelvanta Learning Partners,CTR-017,SVC-017,SOW-017,ORG-01,PROD-01,BC20017,T2017,2026-09-28,2025-01-01,2027-11-02,Training call-off order,2026,Synthetic scenario,Actual,LOB,Learning,OU3101,Production,Learning owner,Learning,Payments,Learning owner,Workforce learning delivery,Workforce learning delivery - synthetic 2026 case,Near Term,Payments,Learning owner,Learning,SYN-L3-01,Payments,Remediation,P1,Sustainment,Vendor services,OpEx,Learning,Multi-location supplier service,USD,332876.69,USD,YTD Jan-Aug,332876.69,332876.69,0.00,0.00,,,2026-01-01,2026-08-31,2026-08-31,SYN-2026-V1,Synthetic scenario; not posted actuals or approved budget,500000.00,1.00,1.00,Risk assessment Missing; evidence is insufficient for a risk-based renewal recommendation.,CTR-017,02_contracts_sows/V-017_contract.json,RA-017,Missing,,,ISSUE-017,SLA-017,2026-08,100.0,98.0,false,42465.75,38356.16,42465.75,41095.89,42465.75,41095.89,42465.75,42465.75,,,,
SYN-FIN-2026-018-BUDGET,synthetic-pack-20260928,V-018,Ardovelle Advisory,CTR-018,SVC-018,SOW-018,ORG-02,PROD-02,BC20018,T2018,2026-09-28,2025-01-01,2026-10-28,Advisory milestone agreement,2026,Synthetic scenario,Budget,LOB,Advisory,OU3102,Investment,Transformation owner,Advisory,Technology Operations,Transformation owner,Operating model advisory,Operating model advisory - synthetic 2026 case,Near Term,Technology Operations,Transformation owner,Advisory,SYN-L3-02,Technology Operations,Remediation,P1,Investment,Vendor services,OpEx,Advisory,Multi-location supplier service,USD,1154520.54,USD,FY Jan-Dec,932054.79,932054.79,0.00,0.00,1154520.54,0.00,2026-01-01,2026-12-31,2026-08-31,SYN-2026-V1,Synthetic scenario; not posted actuals or approved budget,1400000.00,1.10,1.20,Deterministic scenario derived from source annual baseline; assess source risk and SLA separately.,CTR-018,02_contracts_sows/V-018_contract.json,RA-018,Current,2026-08-15,Medium,ISSUE-018,SLA-018,2026-08,97.5,98.0,true,118904.11,107397.26,118904.11,115068.49,118904.11,115068.49,118904.11,118904.11,115068.49,107397.26,0.00,0.00
SYN-FIN-2026-018-FORECAST,synthetic-pack-20260928,V-018,Ardovelle Advisory,CTR-018,SVC-018,SOW-018,ORG-02,PROD-02,BC20018,T2018,2026-09-28,2025-01-01,2026-10-28,Advisory milestone agreement,2026,Synthetic scenario,Forecast,LOB,Advisory,OU3102,Investment,Transformation owner,Advisory,Technology Operations,Transformation owner,Operating model advisory,Operating model advisory - synthetic 2026 case,Near Term,Technology Operations,Transformation owner,Advisory,SYN-L3-02,Technology Operations,Remediation,P1,Investment,Vendor services,OpEx,Advisory,Multi-location supplier service,USD,1292219.17,USD,FY Jan-Dec,1025260.27,932054.79,93205.48,10.00,1292219.17,137698.63,2026-01-01,2026-12-31,2026-08-31,SYN-2026-V1,Synthetic scenario; not posted actuals or approved budget,1400000.00,1.10,1.20,Deterministic scenario derived from source annual baseline; assess source risk and SLA separately.,CTR-018,02_contracts_sows/V-018_contract.json,RA-018,Current,2026-08-15,Medium,ISSUE-018,SLA-018,2026-08,97.5,98.0,true,130794.52,118136.99,130794.52,126575.34,130794.52,126575.34,130794.52,130794.52,138082.19,128876.71,0.00,0.00
SYN-FIN-2026-018-ACTUAL,synthetic-pack-20260928,V-018,Ardovelle Advisory,CTR-018,SVC-018,SOW-018,ORG-02,PROD-02,BC20018,T2018,2026-09-28,2025-01-01,2026-10-28,Advisory milestone agreement,2026,Synthetic scenario,Actual,LOB,Advisory,OU3102,Investment,Transformation owner,Advisory,Technology Operations,Transformation owner,Operating model advisory,Operating model advisory - synthetic 2026 case,Near Term,Technology Operations,Transformation owner,Advisory,SYN-L3-02,Technology Operations,Remediation,P1,Investment,Vendor services,OpEx,Advisory,Multi-location supplier service,USD,1025260.27,USD,YTD Jan-Aug,1025260.27,932054.79,93205.48,10.00,,,2026-01-01,2026-08-31,2026-08-31,SYN-2026-V1,Synthetic scenario; not posted actuals or approved budget,1400000.00,1.10,1.20,Deterministic scenario derived from source annual baseline; assess source risk and SLA separately.,CTR-018,02_contracts_sows/V-018_contract.json,RA-018,Current,2026-08-15,Medium,ISSUE-018,SLA-018,2026-08,97.5,98.0,true,130794.52,118136.99,130794.52,126575.34,130794.52,126575.34,130794.52,130794.52,,,,
SYN-FIN-2026-019-BUDGET,synthetic-pack-20260928,V-019,Quenora Logistics,CTR-019,SVC-019,SOW-019,ORG-03,PROD-03,BC20019,T2019,2026-09-28,2025-01-01,2027-03-07,Unit-rate service order,2026,Synthetic scenario,Budget,LOB,Logistics,OU3103,Production,Logistics owner,Logistics,Corporate Services,Logistics owner,Internal courier and distribution,Internal courier and distribution - synthetic 2026 case,Near Term,Corporate Services,Logistics owner,Logistics,SYN-L3-03,Corporate Services,Remediation,P1,Sustainment,Vendor services,OpEx,Logistics,Multi-location supplier service,USD,550000.01,USD,FY Jan-Dec,366164.39,366164.39,0.00,0.00,550000.01,0.00,2026-01-01,2026-12-31,2026-08-31,SYN-2026-V1,Synthetic scenario; not posted actuals or approved budget,550000.00,1.04,1.08,Deterministic scenario derived from source annual baseline; assess source risk and SLA separately.,CTR-019,02_contracts_sows/V-019_contract.json,RA-019,Current,2026-08-15,Low,ISSUE-019,SLA-019,2026-08,96.5,98.0,true,46712.33,42191.78,46712.33,45205.48,46712.33,45205.48,46712.33,46712.33,45205.48,46712.33,45205.48,46712.33
SYN-FIN-2026-019-FORECAST,synthetic-pack-20260928,V-019,Quenora Logistics,CTR-019,SVC-019,SOW-019,ORG-03,PROD-03,BC20019,T2019,2026-09-28,2025-01-01,2027-03-07,Unit-rate service order,2026,Synthetic scenario,Forecast,LOB,Logistics,OU3103,Production,Logistics owner,Logistics,Corporate Services,Logistics owner,Internal courier and distribution,Internal courier and distribution - synthetic 2026 case,Near Term,Corporate Services,Logistics owner,Logistics,SYN-L3-03,Corporate Services,Remediation,P1,Sustainment,Vendor services,OpEx,Logistics,Multi-location supplier service,USD,579353.43,USD,FY Jan-Dec,380810.95,366164.39,14646.56,4.00,579353.43,29353.42,2026-01-01,2026-12-31,2026-08-31,SYN-2026-V1,Synthetic scenario; not posted actuals or approved budget,550000.00,1.04,1.08,Deterministic scenario derived from source annual baseline; assess source risk and SLA separately.,CTR-019,02_contracts_sows/V-019_contract.json,RA-019,Current,2026-08-15,Low,ISSUE-019,SLA-019,2026-08,96.5,98.0,true,48580.82,43879.45,48580.82,47013.70,48580.82,47013.70,48580.82,48580.82,48821.92,50449.32,48821.92,50449.32
SYN-FIN-2026-019-ACTUAL,synthetic-pack-20260928,V-019,Quenora Logistics,CTR-019,SVC-019,SOW-019,ORG-03,PROD-03,BC20019,T2019,2026-09-28,2025-01-01,2027-03-07,Unit-rate service order,2026,Synthetic scenario,Actual,LOB,Logistics,OU3103,Production,Logistics owner,Logistics,Corporate Services,Logistics owner,Internal courier and distribution,Internal courier and distribution - synthetic 2026 case,Near Term,Corporate Services,Logistics owner,Logistics,SYN-L3-03,Corporate Services,Remediation,P1,Sustainment,Vendor services,OpEx,Logistics,Multi-location supplier service,USD,380810.95,USD,YTD Jan-Aug,380810.95,366164.39,14646.56,4.00,,,2026-01-01,2026-08-31,2026-08-31,SYN-2026-V1,Synthetic scenario; not posted actuals or approved budget,550000.00,1.04,1.08,Deterministic scenario derived from source annual baseline; assess source risk and SLA separately.,CTR-019,02_contracts_sows/V-019_contract.json,RA-019,Current,2026-08-15,Low,ISSUE-019,SLA-019,2026-08,96.5,98.0,true,48580.82,43879.45,48580.82,47013.70,48580.82,47013.70,48580.82,48580.82,,,,
SYN-FIN-2026-020-BUDGET,synthetic-pack-20260928,V-020,Bramelith Hospitality,CTR-020,SVC-020,SOW-020,ORG-04,PROD-04,BC20020,T2020,2026-09-28,2025-01-01,2027-06-05,Unit-rate service order,2026,Synthetic scenario,Budget,LOB,Catering,OU3104,Production,Workplace services owner,Catering,Transformation,Workplace services owner,Workplace catering,Workplace catering - synthetic 2026 case,Near Term,Transformation,Workplace services owner,Catering,SYN-L3-04,Transformation,Service continuity,P2,Sustainment,Vendor services,OpEx,Catering,Multi-location supplier service,USD,900000.02,USD,FY Jan-Dec,599178.10,599178.10,0.00,0.00,900000.02,0.00,2026-01-01,2026-12-31,2026-08-31,SYN-2026-V1,Synthetic scenario; not posted actuals or approved budget,900000.00,0.96,0.98,Deterministic scenario derived from source annual baseline; assess source risk and SLA separately.,CTR-020,02_contracts_sows/V-020_contract.json,RA-020,Current,2026-08-15,Medium,ISSUE-020,SLA-020,2026-08,99.0,98.0,false,76438.36,69041.10,76438.36,73972.60,76438.36,73972.60,76438.36,76438.36,73972.60,76438.36,73972.60,76438.36
SYN-FIN-2026-020-FORECAST,synthetic-pack-20260928,V-020,Bramelith Hospitality,CTR-020,SVC-020,SOW-020,ORG-04,PROD-04,BC20020,T2020,2026-09-28,2025-01-01,2027-06-05,Unit-rate service order,2026,Synthetic scenario,Forecast,LOB,Catering,OU3104,Production,Workplace services owner,Catering,Transformation,Workplace services owner,Workplace catering,Workplace catering - synthetic 2026 case,Near Term,Transformation,Workplace services owner,Catering,SYN-L3-04,Transformation,Service continuity,P2,Sustainment,Vendor services,OpEx,Catering,Multi-location supplier service,USD,870016.49,USD,FY Jan-Dec,575211.01,599178.10,-23967.09,-4.00,870016.49,-29983.53,2026-01-01,2026-12-31,2026-08-31,SYN-2026-V1,Synthetic scenario; not posted actuals or approved budget,900000.00,0.96,0.98,Deterministic scenario derived from source annual baseline; assess source risk and SLA separately.,CTR-020,02_contracts_sows/V-020_contract.json,RA-020,Current,2026-08-15,Medium,ISSUE-020,SLA-020,2026-08,99.0,98.0,false,73380.83,66279.46,73380.83,71013.70,73380.83,71013.70,73380.83,73380.83,72493.15,74909.59,72493.15,74909.59
SYN-FIN-2026-020-ACTUAL,synthetic-pack-20260928,V-020,Bramelith Hospitality,CTR-020,SVC-020,SOW-020,ORG-04,PROD-04,BC20020,T2020,2026-09-28,2025-01-01,2027-06-05,Unit-rate service order,2026,Synthetic scenario,Actual,LOB,Catering,OU3104,Production,Workplace services owner,Catering,Transformation,Workplace services owner,Workplace catering,Workplace catering - synthetic 2026 case,Near Term,Transformation,Workplace services owner,Catering,SYN-L3-04,Transformation,Service continuity,P2,Sustainment,Vendor services,OpEx,Catering,Multi-location supplier service,USD,575211.01,USD,YTD Jan-Aug,575211.01,599178.10,-23967.09,-4.00,,,2026-01-01,2026-08-31,2026-08-31,SYN-2026-V1,Synthetic scenario; not posted actuals or approved budget,900000.00,0.96,0.98,Deterministic scenario derived from source annual baseline; assess source risk and SLA separately.,CTR-020,02_contracts_sows/V-020_contract.json,RA-020,Current,2026-08-15,Medium,ISSUE-020,SLA-020,2026-08,99.0,98.0,false,73380.83,66279.46,73380.83,71013.70,73380.83,71013.70,73380.83,73380.83,,,,
