record_id,Graph_Namespace,Vendor_ID,Vendor_Name,Contract_ID,Service_ID,SOW_ID,Organization_ID,Product_ID,BCID,Tech_ID,As_Of_Date,Contract_Start_Date,Contract_End_Date,Contract_Format,Type,Entity,OU,Line,Rollup_Vendor,Lookup_Vendor,Description,Term_Start,Term_End,VRM_ID,Col_2026_YTP,Forecast_2026_USD,Actual_YTD_2026_USD,Budget_2026_USD,Col_2027_fcst,Col_2028_fcst,Col_2029_fcst,WARNING,Flag,Open,DAF_Number,Product_Manager,VRM_Status,Bundle_ID,DAF_Amount,Contract_Type,CTB_RTB,Contract_Number,Invoice_PO,Forecast_Source,Version,Currency,Scenario_Note,Source_Record_ID,SourceFile,Source_Annual_Base_Fee_USD,Actual_Through,Forecast_Remaining_From,Post_Expiry_Assumption,Value_Status,Risk_Assessment_ID,Risk_Assessment_Status,Risk_Assessment_Date,Risk_Tier,Issue_ID,SLA_ID,Source_SLA_Period,Source_SLA_Actual_Percent,Source_SLA_Target_Percent,Source_SLA_Breach,Forecast_2026_01,Forecast_2026_02,Forecast_2026_03,Forecast_2026_04,Forecast_2026_05,Forecast_2026_06,Forecast_2026_07,Forecast_2026_08,Forecast_2026_09,Forecast_2026_10,Forecast_2026_11,Forecast_2026_12,Forecast_2027_01,Forecast_2027_02,Forecast_2027_03,Forecast_2027_04,Forecast_2027_05,Forecast_2027_06,Forecast_2027_07,Forecast_2027_08,Forecast_2027_09,Forecast_2027_10,Forecast_2027_11,Forecast_2027_12,Forecast_2028_01,Forecast_2028_02,Forecast_2028_03,Forecast_2028_04,Forecast_2028_05,Forecast_2028_06,Forecast_2028_07,Forecast_2028_08,Forecast_2028_09,Forecast_2028_10,Forecast_2028_11,Forecast_2028_12,Forecast_2029_01,Forecast_2029_02,Forecast_2029_03,Forecast_2029_04,Forecast_2029_05,Forecast_2029_06,Forecast_2029_07,Forecast_2029_08,Forecast_2029_09,Forecast_2029_10,Forecast_2029_11,Forecast_2029_12
SYN-FC-2026-001,synthetic-pack-20260928,V-001,Aurelix Codeworks,CTR-001,SVC-001,SOW-001,ORG-01,PROD-01,BC20001,T2001,2026-09-28,2025-01-01,2026-12-27,Capacity support schedule,Technical,Meridian Vale Financial Group,Payments,Payments,Aurelix Codeworks,Aurelix Codeworks,L3 payment application support,2025-01-01,2026-12-27,VRM300001,3329863.01,10120547.96,6790684.95,9890410.98,0.00,0.00,0.00,Contract expires within 120 days; no renewal assumed; Source August SLA breach,Y,Yes,,Payment service manager,Current,,,Renewal,RTB,CTR-001,PO-001-2026,Synthetic 2026 planning scenario derived from canonical annual baseline,SYN-2026-V1,USD,"Material workforce and multi-application dependency; renewal merits review, but August SLA breach requires remediation.",CTR-001,02_contracts_sows/V-001_contract.json,10000000.00,2026-08-31,2026-09-01,No renewal assumed; zero spend after recorded contract expiry,Synthetic scenario; not posted actuals or approved forecast,RA-001,Current,2026-08-15,High,ISSUE-001,SLA-001,2026-08,99.7984,99.9,true,866301.37,782465.76,866301.37,838356.17,866301.37,838356.17,866301.37,866301.37,846575.34,874794.52,846575.34,761917.81,0.00,0.00,0.00,0.00,0.00,0.00,0.00,0.00,0.00,0.00,0.00,0.00,0.00,0.00,0.00,0.00,0.00,0.00,0.00,0.00,0.00,0.00,0.00,0.00,0.00,0.00,0.00,0.00,0.00,0.00,0.00,0.00,0.00,0.00,0.00,0.00
SYN-FC-2026-002,synthetic-pack-20260928,V-002,Velmora Cloud Operations,CTR-002,SVC-002,SOW-002,ORG-02,PROD-02,BC20002,T2002,2026-09-28,2025-01-01,2027-03-27,Managed service agreement,Technical,Meridian Vale Financial Group,Technology Operations,Cloud operations,Velmora Cloud Operations,Velmora Cloud Operations,Cloud platform operations,2025-01-01,2027-03-27,VRM300002,2456712.32,7300068.49,4843356.17,7500000.01,1767123.29,0.00,0.00,,N,Yes,,Cloud platform owner,Current,,,Committed,RTB,CTR-002,PO-002-2026,Synthetic 2026 planning scenario derived from canonical annual baseline,SYN-2026-V1,USD,Deterministic scenario derived from source annual baseline; assess source risk and SLA separately.,CTR-002,02_contracts_sows/V-002_contract.json,7500000.00,2026-08-31,2026-09-01,No renewal assumed; zero spend after recorded contract expiry,Synthetic scenario; not posted actuals or approved forecast,RA-002,Current,2026-08-15,Medium,ISSUE-002,SLA-002,2026-08,99.9686,99.9,false,617876.71,558082.20,617876.71,597945.21,617876.71,597945.21,617876.71,617876.71,604109.59,624246.57,604109.59,624246.57,636986.30,575342.47,554794.52,0.00,0.00,0.00,0.00,0.00,0.00,0.00,0.00,0.00,0.00,0.00,0.00,0.00,0.00,0.00,0.00,0.00,0.00,0.00,0.00,0.00,0.00,0.00,0.00,0.00,0.00,0.00,0.00,0.00,0.00,0.00,0.00,0.00
SYN-FC-2026-003,synthetic-pack-20260928,V-003,Cindervale Cyber Services,CTR-003,SVC-003,SOW-003,ORG-03,PROD-03,BC20003,T2003,2026-09-28,2025-01-01,2027-01-26,Managed service agreement,Technical,Meridian Vale Financial Group,Corporate Services,Security operations,Cindervale Cyber Services,Cindervale Cyber Services,Security operations monitoring,2025-01-01,2027-01-26,VRM300003,1930273.96,5738383.54,3808109.58,5500000.00,391780.82,0.00,0.00,Contract expires within 120 days; no renewal assumed,Y,Yes,,Security operations owner,Current,,,Renewal,RTB,CTR-003,PO-003-2026,Synthetic 2026 planning scenario derived from canonical annual baseline,SYN-2026-V1,USD,Deterministic scenario derived from source annual baseline; assess source risk and SLA separately.,CTR-003,02_contracts_sows/V-003_contract.json,5500000.00,2026-08-31,2026-09-01,No renewal assumed; zero spend after recorded contract expiry,Synthetic scenario; not posted actuals or approved forecast,RA-003,Current,2026-08-15,High,ISSUE-003,SLA-003,2026-08,99.0,98.0,false,485808.22,438794.52,485808.22,470136.98,485808.22,470136.98,485808.22,485808.22,474657.53,490479.45,474657.53,490479.45,391780.82,0.00,0.00,0.00,0.00,0.00,0.00,0.00,0.00,0.00,0.00,0.00,0.00,0.00,0.00,0.00,0.00,0.00,0.00,0.00,0.00,0.00,0.00,0.00,0.00,0.00,0.00,0.00,0.00,0.00,0.00,0.00,0.00,0.00,0.00,0.00
SYN-FC-2026-004,synthetic-pack-20260928,V-004,Orivanta Data Engineering,CTR-004,SVC-004,SOW-004,ORG-04,PROD-04,BC20004,T2004,2026-09-28,2025-01-01,2027-05-26,Fixed-price delivery SOW,Technical,Meridian Vale Financial Group,Transformation,ETL and integration,Orivanta Data Engineering,Orivanta Data Engineering,ETL migration and data integration,2025-01-01,2027-05-26,VRM300004,1572295.90,4592153.46,3019857.56,4200000.01,1680000.00,0.00,0.00,Source August SLA breach,Y,Yes,,Data platform owner,Current,,,Committed,CTB,CTR-004,PO-004-2026,Synthetic 2026 planning scenario derived from canonical annual baseline,SYN-2026-V1,USD,Deterministic scenario derived from source annual baseline; assess source risk and SLA separately.,CTR-004,02_contracts_sows/V-004_contract.json,4200000.00,2026-08-31,2026-09-01,No renewal assumed; zero spend after recorded contract expiry,Synthetic scenario; not posted actuals or approved forecast,RA-004,Current,2026-08-15,Medium,ISSUE-004,SLA-004,2026-08,96.4815,98.0,true,385249.32,347967.12,385249.32,372821.92,385249.32,372821.92,385249.32,385249.32,386630.14,399517.81,386630.14,399517.81,356712.33,322191.78,356712.33,345205.48,299178.08,0.00,0.00,0.00,0.00,0.00,0.00,0.00,0.00,0.00,0.00,0.00,0.00,0.00,0.00,0.00,0.00,0.00,0.00,0.00,0.00,0.00,0.00,0.00,0.00,0.00,0.00,0.00,0.00,0.00,0.00,0.00
SYN-FC-2026-005,synthetic-pack-20260928,V-005,Lumenquay Identity Systems,CTR-005,SVC-005,SOW-005,ORG-01,PROD-01,BC20005,T2005,2026-09-28,2025-01-01,2026-10-13,Capped T&M work order,Technical,Meridian Vale Financial Group,Payments,Identity,Lumenquay Identity Systems,Lumenquay Identity Systems,Identity and access engineering,2025-01-01,2026-10-13,VRM300005,485958.91,2880673.98,2394715.07,2585753.42,0.00,0.00,0.00,Contract expires within 120 days; no renewal assumed; Forecast exceeds budget by more than 10%,Y,Yes,,Identity product owner,Current,,,Renewal,RTB,CTR-005,PO-005-2026,Synthetic 2026 planning scenario derived from canonical annual baseline,SYN-2026-V1,USD,Near expiry; forecast pressure supports commercial renegotiation review.,CTR-005,02_contracts_sows/V-005_contract.json,3300000.00,2026-08-31,2026-09-01,No renewal assumed; zero spend after recorded contract expiry,Synthetic scenario; not posted actuals or approved forecast,RA-005,Current,2026-08-15,High,ISSUE-005,SLA-005,2026-08,99.1667,98.0,false,305498.63,275934.24,305498.63,295643.84,305498.63,295643.84,305498.63,305498.63,339041.10,146917.81,0.00,0.00,0.00,0.00,0.00,0.00,0.00,0.00,0.00,0.00,0.00,0.00,0.00,0.00,0.00,0.00,0.00,0.00,0.00,0.00,0.00,0.00,0.00,0.00,0.00,0.00,0.00,0.00,0.00,0.00,0.00,0.00,0.00,0.00,0.00,0.00,0.00,0.00
SYN-FC-2026-006,synthetic-pack-20260928,V-006,Tervona Network Services,CTR-006,SVC-006,SOW-006,ORG-02,PROD-02,BC20006,T2006,2026-09-28,2025-01-01,2027-09-28,Managed service agreement,Technical,Meridian Vale Financial Group,Technology Operations,Network operations,Tervona Network Services,Tervona Network Services,Network operations,2025-01-01,2027-09-28,VRM300006,802191.78,2400000.01,1597808.23,2400000.01,1781917.82,0.00,0.00,,N,Yes,,Network service owner,Current,,,Committed,RTB,CTR-006,PO-006-2026,Synthetic 2026 planning scenario derived from canonical annual baseline,SYN-2026-V1,USD,Deterministic scenario derived from source annual baseline; assess source risk and SLA separately.,CTR-006,02_contracts_sows/V-006_contract.json,2400000.00,2026-08-31,2026-09-01,No renewal assumed; zero spend after recorded contract expiry,Synthetic scenario; not posted actuals or approved forecast,RA-006,Current,2026-08-15,Medium,ISSUE-006,SLA-006,2026-08,99.9597,99.9,false,203835.62,184109.59,203835.62,197260.27,203835.62,197260.27,203835.62,203835.62,197260.27,203835.62,197260.27,203835.62,203835.62,184109.59,203835.62,197260.27,203835.62,197260.27,203835.62,203835.62,184109.59,0.00,0.00,0.00,0.00,0.00,0.00,0.00,0.00,0.00,0.00,0.00,0.00,0.00,0.00,0.00,0.00,0.00,0.00,0.00,0.00,0.00,0.00,0.00,0.00,0.00,0.00,0.00
SYN-FC-2026-007,synthetic-pack-20260928,V-007,Brivanta Quality Labs,CTR-007,SVC-007,SOW-007,ORG-03,PROD-03,BC20007,T2007,2026-09-28,2025-01-01,2026-11-27,Agile delivery work order,Technical,Meridian Vale Financial Group,Corporate Services,Quality engineering,Brivanta Quality Labs,Brivanta Quality Labs,Software quality assurance,2025-01-01,2026-11-27,VRM300007,467726.02,1719342.45,1251616.43,1813698.61,0.00,0.00,0.00,Contract expires within 120 days; no renewal assumed,Y,Yes,,Quality engineering owner,Current,,,Renewal,CTB,CTR-007,PO-007-2026,Synthetic 2026 planning scenario derived from canonical annual baseline,SYN-2026-V1,USD,Deterministic scenario derived from source annual baseline; assess source risk and SLA separately.,CTR-007,02_contracts_sows/V-007_contract.json,2000000.00,2026-08-31,2026-09-01,No renewal assumed; zero spend after recorded contract expiry,Synthetic scenario; not posted actuals or approved forecast,RA-007,Current,2026-08-15,Low,ISSUE-007,SLA-007,2026-08,99.0,98.0,false,159671.23,144219.18,159671.23,154520.55,159671.23,154520.55,159671.23,159671.23,159452.05,164767.12,143506.85,0.00,0.00,0.00,0.00,0.00,0.00,0.00,0.00,0.00,0.00,0.00,0.00,0.00,0.00,0.00,0.00,0.00,0.00,0.00,0.00,0.00,0.00,0.00,0.00,0.00,0.00,0.00,0.00,0.00,0.00,0.00,0.00,0.00,0.00,0.00,0.00,0.00
SYN-FC-2026-008,synthetic-pack-20260928,V-008,Norevia Decision Science,CTR-008,SVC-008,SOW-008,ORG-04,PROD-04,BC20008,T2008,2026-09-28,2025-01-01,2027-06-25,Research stage-gate SOW,Technical,Meridian Vale Financial Group,Transformation,Data science,Norevia Decision Science,Norevia Decision Science,Data science and vendor anomaly modeling,2025-01-01,2027-06-25,VRM300008,1029479.46,3005435.62,1975956.16,2800000.02,1350136.99,0.00,0.00,,N,Yes,,Model risk and analytics owner,Current,,,Committed,CTB,CTR-008,PO-008-2026,Synthetic 2026 planning scenario derived from canonical annual baseline,SYN-2026-V1,USD,Deterministic scenario derived from source annual baseline; assess source risk and SLA separately.,CTR-008,02_contracts_sows/V-008_contract.json,2800000.00,2026-08-31,2026-09-01,No renewal assumed; zero spend after recorded contract expiry,Synthetic scenario; not posted actuals or approved forecast,RA-008,Current,2026-08-15,Medium,ISSUE-008,SLA-008,2026-08,99.0,98.0,false,252076.71,227682.19,252076.71,243945.21,252076.71,243945.21,252076.71,252076.71,253150.69,261589.04,253150.69,261589.04,237808.22,214794.52,237808.22,230136.99,237808.22,191780.82,0.00,0.00,0.00,0.00,0.00,0.00,0.00,0.00,0.00,0.00,0.00,0.00,0.00,0.00,0.00,0.00,0.00,0.00,0.00,0.00,0.00,0.00,0.00,0.00,0.00,0.00,0.00,0.00,0.00,0.00
SYN-FC-2026-009,synthetic-pack-20260928,V-009,Veylora Application Services,CTR-009,SVC-009,SOW-009,ORG-01,PROD-01,BC20009,T2009,2026-09-28,2025-01-01,2026-11-12,Capacity support schedule,Technical,Meridian Vale Financial Group,Payments,Application maintenance,Veylora Application Services,Veylora Application Services,Application maintenance,2025-01-01,2026-11-12,VRM300009,1179999.99,4908219.12,3728219.13,4328767.08,0.00,0.00,0.00,Contract expires within 120 days; no renewal assumed; Risk assessment Stale; Source August SLA breach; Forecast exceeds budget by more than 10%,Y,Yes,,Application portfolio owner,Stale,,,Renewal,RTB,CTR-009,PO-009-2026,Synthetic 2026 planning scenario derived from canonical annual baseline,SYN-2026-V1,USD,Higher modeled spend and stale risk assessment; remediation and refreshed assessment needed before renewal.,CTR-009,02_contracts_sows/V-009_contract.json,5000000.00,2026-08-31,2026-09-01,No renewal assumed; zero spend after recorded contract expiry,Synthetic scenario; not posted actuals or approved forecast,RA-009,Stale,2025-06-01,High,ISSUE-009,SLA-009,2026-08,99.7984,99.9,true,475616.43,429589.04,475616.43,460273.97,475616.43,460273.97,475616.43,475616.43,484931.50,501095.89,193972.60,0.00,0.00,0.00,0.00,0.00,0.00,0.00,0.00,0.00,0.00,0.00,0.00,0.00,0.00,0.00,0.00,0.00,0.00,0.00,0.00,0.00,0.00,0.00,0.00,0.00,0.00,0.00,0.00,0.00,0.00,0.00,0.00,0.00,0.00,0.00,0.00,0.00
SYN-FC-2026-010,synthetic-pack-20260928,V-010,Solenquill Workflow Software,CTR-010,SVC-010,SOW-010,ORG-02,PROD-02,BC20010,T2010,2026-09-28,2025-01-01,2027-02-25,SaaS subscription order,Technical,Meridian Vale Financial Group,Technology Operations,Workflow software,Solenquill Workflow Software,Solenquill Workflow Software,Workflow platform subscription,2025-01-01,2027-02-25,VRM300010,378701.38,1118353.47,739652.09,1100000.02,168767.13,0.00,0.00,,N,Yes,,Workflow product owner,Current,,,Committed,RTB,CTR-010,PO-010-2026,Synthetic 2026 planning scenario derived from canonical annual baseline,SYN-2026-V1,USD,Deterministic scenario derived from source annual baseline; assess source risk and SLA separately.,CTR-010,02_contracts_sows/V-010_contract.json,1100000.00,2026-08-31,2026-09-01,No renewal assumed; zero spend after recorded contract expiry,Synthetic scenario; not posted actuals or approved forecast,RA-010,Current,2026-08-15,Medium,ISSUE-010,SLA-010,2026-08,99.9664,99.9,false,94358.91,85227.40,94358.91,91315.07,94358.91,91315.07,94358.91,94358.91,93123.29,96227.40,93123.29,96227.40,93424.66,75342.47,0.00,0.00,0.00,0.00,0.00,0.00,0.00,0.00,0.00,0.00,0.00,0.00,0.00,0.00,0.00,0.00,0.00,0.00,0.00,0.00,0.00,0.00,0.00,0.00,0.00,0.00,0.00,0.00,0.00,0.00,0.00,0.00,0.00,0.00
SYN-FC-2026-011,synthetic-pack-20260928,V-011,Caldris Recovery Services,CTR-011,SVC-011,SOW-011,ORG-03,PROD-03,BC20011,T2011,2026-09-28,2025-01-01,2027-04-26,Managed service agreement,Technical,Meridian Vale Financial Group,Corporate Services,Recovery,Caldris Recovery Services,Caldris Recovery Services,Backup and recovery operations,2025-01-01,2027-04-26,VRM300011,701917.80,2073369.84,1371452.04,1999999.97,635616.43,0.00,0.00,,N,Yes,,Resilience owner,Current,,,Committed,RTB,CTR-011,PO-011-2026,Synthetic 2026 planning scenario derived from canonical annual baseline,SYN-2026-V1,USD,Deterministic scenario derived from source annual baseline; assess source risk and SLA separately.,CTR-011,02_contracts_sows/V-011_contract.json,2000000.00,2026-08-31,2026-09-01,No renewal assumed; zero spend after recorded contract expiry,Synthetic scenario; not posted actuals or approved forecast,RA-011,Current,2026-08-15,Low,ISSUE-011,SLA-011,2026-08,99.0,98.0,false,174958.90,158027.40,174958.90,169315.07,174958.90,169315.07,174958.90,174958.90,172602.74,178356.16,172602.74,178356.16,169863.01,153424.66,169863.01,142465.75,0.00,0.00,0.00,0.00,0.00,0.00,0.00,0.00,0.00,0.00,0.00,0.00,0.00,0.00,0.00,0.00,0.00,0.00,0.00,0.00,0.00,0.00,0.00,0.00,0.00,0.00,0.00,0.00,0.00,0.00,0.00,0.00
SYN-FC-2026-012,synthetic-pack-20260928,V-012,Avendryl Analytics Studio,CTR-012,SVC-012,SOW-012,ORG-04,PROD-04,BC20012,T2012,2026-09-28,2025-01-01,2027-08-24,Fixed-price delivery SOW,Technical,Meridian Vale Financial Group,Transformation,BI and dashboards,Avendryl Analytics Studio,Avendryl Analytics Studio,Executive BI dashboards and semantic modeling,2025-01-01,2027-08-24,VRM300012,882410.96,2560109.59,1677698.63,2400000.01,1551780.83,0.00,0.00,,N,Yes,,Analytics owner,Current,,,Committed,CTB,CTR-012,PO-012-2026,Synthetic 2026 planning scenario derived from canonical annual baseline,SYN-2026-V1,USD,Deterministic scenario derived from source annual baseline; assess source risk and SLA separately.,CTR-012,02_contracts_sows/V-012_contract.json,2400000.00,2026-08-31,2026-09-01,No renewal assumed; zero spend after recorded contract expiry,Synthetic scenario; not posted actuals or approved forecast,RA-012,Current,2026-08-15,Medium,ISSUE-012,SLA-012,2026-08,98.8889,98.0,false,214027.40,193315.07,214027.40,207123.28,214027.40,207123.28,214027.40,214027.40,216986.30,224219.18,216986.30,224219.18,203835.62,184109.59,203835.62,197260.27,203835.62,197260.27,203835.62,157808.22,0.00,0.00,0.00,0.00,0.00,0.00,0.00,0.00,0.00,0.00,0.00,0.00,0.00,0.00,0.00,0.00,0.00,0.00,0.00,0.00,0.00,0.00,0.00,0.00,0.00,0.00,0.00,0.00
SYN-FC-2026-013,synthetic-pack-20260928,V-013,Mirelune Facilities,CTR-013,SVC-013,SOW-013,ORG-01,PROD-01,BC20013,T2013,2026-09-28,2025-01-01,2026-12-12,Managed service agreement,Non-technical,Meridian Vale Financial Group,Payments,Facilities,Mirelune Facilities,Mirelune Facilities,Office facilities management,2025-01-01,2026-12-12,VRM300013,419054.79,1397712.30,978657.51,1421917.80,0.00,0.00,0.00,Contract expires within 120 days; no renewal assumed; Source August SLA breach,Y,Yes,,Facilities owner,Current,,,Renewal,RTB,CTR-013,PO-013-2026,Synthetic 2026 planning scenario derived from canonical annual baseline,SYN-2026-V1,USD,Deterministic scenario derived from source annual baseline; assess source risk and SLA separately.,CTR-013,02_contracts_sows/V-013_contract.json,1500000.00,2026-08-31,2026-09-01,No renewal assumed; zero spend after recorded contract expiry,Synthetic scenario; not posted actuals or approved forecast,RA-013,Current,2026-08-15,Low,ISSUE-013,SLA-013,2026-08,96.5,98.0,true,124849.31,112767.12,124849.31,120821.92,124849.31,120821.92,124849.31,124849.31,122054.79,126123.29,122054.79,48821.92,0.00,0.00,0.00,0.00,0.00,0.00,0.00,0.00,0.00,0.00,0.00,0.00,0.00,0.00,0.00,0.00,0.00,0.00,0.00,0.00,0.00,0.00,0.00,0.00,0.00,0.00,0.00,0.00,0.00,0.00,0.00,0.00,0.00,0.00,0.00,0.00
SYN-FC-2026-014,synthetic-pack-20260928,V-014,Kestrelune Site Protection,CTR-014,SVC-014,SOW-014,ORG-02,PROD-02,BC20014,T2014,2026-09-28,2025-01-01,2027-01-16,Unit-rate service order,Non-technical,Meridian Vale Financial Group,Technology Operations,Physical security,Kestrelune Site Protection,Kestrelune Site Protection,Physical security services,2025-01-01,2027-01-16,VRM300014,371013.72,1083369.91,712356.19,1000000.02,43835.62,0.00,0.00,Contract expires within 120 days; no renewal assumed; Source August SLA breach,Y,Yes,,Physical security owner,Current,,,Renewal,RTB,CTR-014,PO-014-2026,Synthetic 2026 planning scenario derived from canonical annual baseline,SYN-2026-V1,USD,Deterministic scenario derived from source annual baseline; assess source risk and SLA separately.,CTR-014,02_contracts_sows/V-014_contract.json,1000000.00,2026-08-31,2026-09-01,No renewal assumed; zero spend after recorded contract expiry,Synthetic scenario; not posted actuals or approved forecast,RA-014,Current,2026-08-15,High,ISSUE-014,SLA-014,2026-08,96.4896,98.0,true,90876.72,82082.19,90876.72,87945.20,90876.72,87945.20,90876.72,90876.72,91232.88,94273.98,91232.88,94273.98,43835.62,0.00,0.00,0.00,0.00,0.00,0.00,0.00,0.00,0.00,0.00,0.00,0.00,0.00,0.00,0.00,0.00,0.00,0.00,0.00,0.00,0.00,0.00,0.00,0.00,0.00,0.00,0.00,0.00,0.00,0.00,0.00,0.00,0.00,0.00,0.00
SYN-FC-2026-015,synthetic-pack-20260928,V-015,Elowyn Language Bureau,CTR-015,SVC-015,SOW-015,ORG-03,PROD-03,BC20015,T2015,2026-09-28,2025-01-01,2027-07-25,Unit-rate service order,Non-technical,Meridian Vale Financial Group,Corporate Services,Language services,Elowyn Language Bureau,Elowyn Language Bureau,Translation and localization,2025-01-01,2027-07-25,VRM300015,131024.66,384010.93,252986.27,399999.97,225753.41,0.00,0.00,,N,Yes,,Communications owner,Current,,,Committed,RTB,CTR-015,PO-015-2026,Synthetic 2026 planning scenario derived from canonical annual baseline,SYN-2026-V1,USD,Deterministic scenario derived from source annual baseline; assess source risk and SLA separately.,CTR-015,02_contracts_sows/V-015_contract.json,400000.00,2026-08-31,2026-09-01,No renewal assumed; zero spend after recorded contract expiry,Synthetic scenario; not posted actuals or approved forecast,RA-015,Current,2026-08-15,Low,ISSUE-015,SLA-015,2026-08,99.0,98.0,false,32273.97,29150.68,32273.97,31232.87,32273.97,31232.87,32273.97,32273.97,32219.18,33293.15,32219.18,33293.15,33972.60,30684.93,33972.60,32876.71,33972.60,32876.71,27397.26,0.00,0.00,0.00,0.00,0.00,0.00,0.00,0.00,0.00,0.00,0.00,0.00,0.00,0.00,0.00,0.00,0.00,0.00,0.00,0.00,0.00,0.00,0.00,0.00,0.00,0.00,0.00,0.00,0.00
SYN-FC-2026-016,synthetic-pack-20260928,V-016,Faronelle Records Services,CTR-016,SVC-016,SOW-016,ORG-04,PROD-04,BC20016,T2016,2026-09-28,2025-01-01,2027-04-16,Unit-rate service order,Non-technical,Meridian Vale Financial Group,Transformation,Records,Faronelle Records Services,Faronelle Records Services,Records storage and retrieval,2025-01-01,2027-04-16,VRM300016,238652.06,704679.44,466027.38,699999.98,203287.66,0.00,0.00,,N,Yes,,Records owner,Current,,,Committed,RTB,CTR-016,PO-016-2026,Synthetic 2026 planning scenario derived from canonical annual baseline,SYN-2026-V1,USD,Deterministic scenario derived from source annual baseline; assess source risk and SLA separately.,CTR-016,02_contracts_sows/V-016_contract.json,700000.00,2026-08-31,2026-09-01,No renewal assumed; zero spend after recorded contract expiry,Synthetic scenario; not posted actuals or approved forecast,RA-016,Current,2026-08-15,High,ISSUE-016,SLA-016,2026-08,99.0,98.0,false,59452.05,53698.63,59452.05,57534.25,59452.05,57534.25,59452.05,59452.05,58684.94,60641.09,58684.94,60641.09,59452.05,53698.63,59452.05,30684.93,0.00,0.00,0.00,0.00,0.00,0.00,0.00,0.00,0.00,0.00,0.00,0.00,0.00,0.00,0.00,0.00,0.00,0.00,0.00,0.00,0.00,0.00,0.00,0.00,0.00,0.00,0.00,0.00,0.00,0.00,0.00,0.00
SYN-FC-2026-017,synthetic-pack-20260928,V-017,Pelvanta Learning Partners,CTR-017,SVC-017,SOW-017,ORG-01,PROD-01,BC20017,T2017,2026-09-28,2025-01-01,2027-11-02,Training call-off order,Non-technical,Meridian Vale Financial Group,Payments,Learning,Pelvanta Learning Partners,Pelvanta Learning Partners,Workforce learning delivery,2025-01-01,2027-11-02,VRM300017,167123.28,499999.97,332876.69,499999.97,419178.06,0.00,0.00,Risk assessment Missing,Y,Yes,,Learning owner,Missing,,,Committed,RTB,CTR-017,PO-017-2026,Synthetic 2026 planning scenario derived from canonical annual baseline,SYN-2026-V1,USD,Risk assessment Missing; evidence is insufficient for a risk-based renewal recommendation.,CTR-017,02_contracts_sows/V-017_contract.json,500000.00,2026-08-31,2026-09-01,No renewal assumed; zero spend after recorded contract expiry,Synthetic scenario; not posted actuals or approved forecast,RA-017,Missing,,,ISSUE-017,SLA-017,2026-08,100.0,98.0,false,42465.75,38356.16,42465.75,41095.89,42465.75,41095.89,42465.75,42465.75,41095.89,42465.75,41095.89,42465.75,42465.75,38356.16,42465.75,41095.89,42465.75,41095.89,42465.75,42465.75,41095.89,42465.75,2739.73,0.00,0.00,0.00,0.00,0.00,0.00,0.00,0.00,0.00,0.00,0.00,0.00,0.00,0.00,0.00,0.00,0.00,0.00,0.00,0.00,0.00,0.00,0.00,0.00,0.00
SYN-FC-2026-018,synthetic-pack-20260928,V-018,Ardovelle Advisory,CTR-018,SVC-018,SOW-018,ORG-02,PROD-02,BC20018,T2018,2026-09-28,2025-01-01,2026-10-28,Advisory milestone agreement,Non-technical,Meridian Vale Financial Group,Technology Operations,Advisory,Ardovelle Advisory,Ardovelle Advisory,Operating model advisory,2025-01-01,2026-10-28,VRM300018,266958.90,1292219.17,1025260.27,1154520.54,0.00,0.00,0.00,Contract expires within 120 days; no renewal assumed; Source August SLA breach; Forecast exceeds budget by more than 10%,Y,Yes,,Transformation owner,Current,,,Renewal,CTB,CTR-018,PO-018-2026,Synthetic 2026 planning scenario derived from canonical annual baseline,SYN-2026-V1,USD,Deterministic scenario derived from source annual baseline; assess source risk and SLA separately.,CTR-018,02_contracts_sows/V-018_contract.json,1400000.00,2026-08-31,2026-09-01,No renewal assumed; zero spend after recorded contract expiry,Synthetic scenario; not posted actuals or approved forecast,RA-018,Current,2026-08-15,Medium,ISSUE-018,SLA-018,2026-08,97.5,98.0,true,130794.52,118136.99,130794.52,126575.34,130794.52,126575.34,130794.52,130794.52,138082.19,128876.71,0.00,0.00,0.00,0.00,0.00,0.00,0.00,0.00,0.00,0.00,0.00,0.00,0.00,0.00,0.00,0.00,0.00,0.00,0.00,0.00,0.00,0.00,0.00,0.00,0.00,0.00,0.00,0.00,0.00,0.00,0.00,0.00,0.00,0.00,0.00,0.00,0.00,0.00
SYN-FC-2026-019,synthetic-pack-20260928,V-019,Quenora Logistics,CTR-019,SVC-019,SOW-019,ORG-03,PROD-03,BC20019,T2019,2026-09-28,2025-01-01,2027-03-07,Unit-rate service order,Non-technical,Meridian Vale Financial Group,Corporate Services,Logistics,Quenora Logistics,Quenora Logistics,Internal courier and distribution,2025-01-01,2027-03-07,VRM300019,198542.48,579353.43,380810.95,550000.01,99452.06,0.00,0.00,Source August SLA breach,Y,Yes,,Logistics owner,Current,,,Committed,RTB,CTR-019,PO-019-2026,Synthetic 2026 planning scenario derived from canonical annual baseline,SYN-2026-V1,USD,Deterministic scenario derived from source annual baseline; assess source risk and SLA separately.,CTR-019,02_contracts_sows/V-019_contract.json,550000.00,2026-08-31,2026-09-01,No renewal assumed; zero spend after recorded contract expiry,Synthetic scenario; not posted actuals or approved forecast,RA-019,Current,2026-08-15,Low,ISSUE-019,SLA-019,2026-08,96.5,98.0,true,48580.82,43879.45,48580.82,47013.70,48580.82,47013.70,48580.82,48580.82,48821.92,50449.32,48821.92,50449.32,46712.33,42191.78,10547.95,0.00,0.00,0.00,0.00,0.00,0.00,0.00,0.00,0.00,0.00,0.00,0.00,0.00,0.00,0.00,0.00,0.00,0.00,0.00,0.00,0.00,0.00,0.00,0.00,0.00,0.00,0.00,0.00,0.00,0.00,0.00,0.00,0.00
SYN-FC-2026-020,synthetic-pack-20260928,V-020,Bramelith Hospitality,CTR-020,SVC-020,SOW-020,ORG-04,PROD-04,BC20020,T2020,2026-09-28,2025-01-01,2027-06-05,Unit-rate service order,Non-technical,Meridian Vale Financial Group,Transformation,Catering,Bramelith Hospitality,Bramelith Hospitality,Workplace catering,2025-01-01,2027-06-05,VRM300020,294805.48,870016.49,575211.01,900000.02,384657.55,0.00,0.00,,N,Yes,,Workplace services owner,Current,,,Committed,RTB,CTR-020,PO-020-2026,Synthetic 2026 planning scenario derived from canonical annual baseline,SYN-2026-V1,USD,Deterministic scenario derived from source annual baseline; assess source risk and SLA separately.,CTR-020,02_contracts_sows/V-020_contract.json,900000.00,2026-08-31,2026-09-01,No renewal assumed; zero spend after recorded contract expiry,Synthetic scenario; not posted actuals or approved forecast,RA-020,Current,2026-08-15,Medium,ISSUE-020,SLA-020,2026-08,99.0,98.0,false,73380.83,66279.46,73380.83,71013.70,73380.83,71013.70,73380.83,73380.83,72493.15,74909.59,72493.15,74909.59,76438.36,69041.10,76438.36,73972.60,76438.36,12328.77,0.00,0.00,0.00,0.00,0.00,0.00,0.00,0.00,0.00,0.00,0.00,0.00,0.00,0.00,0.00,0.00,0.00,0.00,0.00,0.00,0.00,0.00,0.00,0.00,0.00,0.00,0.00,0.00,0.00,0.00
