Graph_Namespace,Vendor_ID,Vendor_Name,Contract_ID,Service_ID,SOW_ID,Organization_ID,Product_ID,BCID,Tech_ID,As_Of_Date,Contract_Start_Date,Contract_End_Date,Contract_Format,Assignment_ID,Application_ID,EMPLID,NAME,WORKER_TYPE,EMPL_TYPE,Employer_Scope,COMPANY_NAME,JOB_TITLE,JOB_FAMILY_DESC,MANAGER_FLG,MARKET,TECH_MARKET_TYPE,WORK_LOCATION,WORK_COUNTRY,VENDOR_NAME,VENDOR_PURCHASE_ORDER,CIO_GROUPS,RTB_Pct_Last_Mon,CTB_Pct_Last_Mon,Team_ID,Team_Name,Team_Type,Delivery_Type,OU_ID,Billable,FTE,Monthly_Allocated_Service_Fee_USD,Fee_Basis,Assignment_Start_Date,Assignment_End_Date,Population_Assignment_Count,Sample_Assignment_Count,Sampling_Method,Sample_Status,SourceFile,LoadDate,Source_Record_ID,Attribute_Status,Risk_Assessment_ID,Risk_Assessment_Status,Risk_Assessment_Date,Risk_Tier,Issue_ID,SLA_ID,Source_SLA_Period,Source_SLA_Actual_Percent,Source_SLA_Target_Percent,Source_SLA_Breach
synthetic-pack-20260928,V-001,Aurelix Codeworks,CTR-001,SVC-001,SOW-001,ORG-01,PROD-01,BC20001,T2001,2026-09-28,2025-01-01,2026-12-27,Capacity support schedule,ASN-001-001,APP-001,SYN-EMP-001-001,Synthetic resource 001-001,Employee,Regular,Vendor workforce; not buyer employees,Aurelix Codeworks,Support lead,Payments,Y,United States,Onshore,US-East,United States,Aurelix Codeworks,PO-001-2026,Payments,85,15,TEAM-001,L3 payment application support team,Operations,Distributed,OU3101,true,1.0,20833.34,Canonical source allocated service fee; not salary or an additional spend fact,2025-01-01,2026-12-27,41,4,"First canonical assignments, retaining one shadow where present",Representative subset; not full headcount and not extrapolation weights,04_workforce/V-001_workforce.json,2026-09-28,ASN-001-001,Role/location/FTE/fee from source; employment/delivery/RTB-CTB attributes synthetic,RA-001,Current,2026-08-15,High,ISSUE-001,SLA-001,2026-08,99.7984,99.9,true
synthetic-pack-20260928,V-001,Aurelix Codeworks,CTR-001,SVC-001,SOW-001,ORG-01,PROD-01,BC20001,T2001,2026-09-28,2025-01-01,2026-12-27,Capacity support schedule,ASN-001-002,APP-002,SYN-EMP-001-002,Synthetic resource 001-002,Contractor,Contingent,Vendor workforce; not buyer employees,Aurelix Codeworks,Java engineer,Payments,N,India,Offshore,India-West,India,Aurelix Codeworks,PO-001-2026,Payments,85,15,TEAM-001,L3 payment application support team,Operations,Distributed,OU3101,true,1.0,20833.34,Canonical source allocated service fee; not salary or an additional spend fact,2025-01-01,2026-12-27,41,4,"First canonical assignments, retaining one shadow where present",Representative subset; not full headcount and not extrapolation weights,04_workforce/V-001_workforce.json,2026-09-28,ASN-001-002,Role/location/FTE/fee from source; employment/delivery/RTB-CTB attributes synthetic,RA-001,Current,2026-08-15,High,ISSUE-001,SLA-001,2026-08,99.7984,99.9,true
synthetic-pack-20260928,V-001,Aurelix Codeworks,CTR-001,SVC-001,SOW-001,ORG-01,PROD-01,BC20001,T2001,2026-09-28,2025-01-01,2026-12-27,Capacity support schedule,ASN-001-003,APP-003,SYN-EMP-001-003,Synthetic resource 001-003,Consultant,Professional services,Vendor workforce; not buyer employees,Aurelix Codeworks,Release analyst,Payments,N,United Kingdom,Offshore,UK-South,United Kingdom,Aurelix Codeworks,PO-001-2026,Payments,85,15,TEAM-001,L3 payment application support team,Operations,Distributed,OU3101,true,1.0,20833.34,Canonical source allocated service fee; not salary or an additional spend fact,2025-01-01,2026-12-27,41,4,"First canonical assignments, retaining one shadow where present",Representative subset; not full headcount and not extrapolation weights,04_workforce/V-001_workforce.json,2026-09-28,ASN-001-003,Role/location/FTE/fee from source; employment/delivery/RTB-CTB attributes synthetic,RA-001,Current,2026-08-15,High,ISSUE-001,SLA-001,2026-08,99.7984,99.9,true
synthetic-pack-20260928,V-001,Aurelix Codeworks,CTR-001,SVC-001,SOW-001,ORG-01,PROD-01,BC20001,T2001,2026-09-28,2025-01-01,2026-12-27,Capacity support schedule,ASN-001-041,APP-001,SYN-EMP-001-041,Synthetic resource 001-041,Employee,Regular,Vendor workforce; not buyer employees,Aurelix Codeworks,Shadow trainee,Payments,N,India,Offshore,India-West,India,Aurelix Codeworks,PO-001-2026,Payments,85,15,TEAM-001,L3 payment application support team,Operations,Distributed,OU3101,false,1.0,0.00,Canonical source allocated service fee; not salary or an additional spend fact,2025-01-01,2026-12-27,41,4,"First canonical assignments, retaining one shadow where present",Representative subset; not full headcount and not extrapolation weights,04_workforce/V-001_workforce.json,2026-09-28,ASN-001-041,Role/location/FTE/fee from source; employment/delivery/RTB-CTB attributes synthetic,RA-001,Current,2026-08-15,High,ISSUE-001,SLA-001,2026-08,99.7984,99.9,true
synthetic-pack-20260928,V-002,Velmora Cloud Operations,CTR-002,SVC-002,SOW-002,ORG-02,PROD-02,BC20002,T2002,2026-09-28,2025-01-01,2027-03-27,Managed service agreement,ASN-002-001,APP-003,SYN-EMP-002-001,Synthetic resource 002-001,Contractor,Contingent,Vendor workforce; not buyer employees,Velmora Cloud Operations,Cloud SRE lead,Cloud operations,Y,United States,Onshore,US-East,United States,Velmora Cloud Operations,PO-002-2026,Technology Operations,85,15,TEAM-002,Cloud platform operations team,Operations,Distributed,OU3102,true,1.0,34722.23,Canonical source allocated service fee; not salary or an additional spend fact,2025-01-01,2027-03-27,18,3,"First canonical assignments, retaining one shadow where present",Representative subset; not full headcount and not extrapolation weights,04_workforce/V-002_workforce.json,2026-09-28,ASN-002-001,Role/location/FTE/fee from source; employment/delivery/RTB-CTB attributes synthetic,RA-002,Current,2026-08-15,Medium,ISSUE-002,SLA-002,2026-08,99.9686,99.9,false
synthetic-pack-20260928,V-002,Velmora Cloud Operations,CTR-002,SVC-002,SOW-002,ORG-02,PROD-02,BC20002,T2002,2026-09-28,2025-01-01,2027-03-27,Managed service agreement,ASN-002-002,APP-004,SYN-EMP-002-002,Synthetic resource 002-002,Consultant,Professional services,Vendor workforce; not buyer employees,Velmora Cloud Operations,Platform engineer,Cloud operations,N,India,Offshore,India-West,India,Velmora Cloud Operations,PO-002-2026,Technology Operations,85,15,TEAM-002,Cloud platform operations team,Operations,Distributed,OU3102,true,1.0,34722.23,Canonical source allocated service fee; not salary or an additional spend fact,2025-01-01,2027-03-27,18,3,"First canonical assignments, retaining one shadow where present",Representative subset; not full headcount and not extrapolation weights,04_workforce/V-002_workforce.json,2026-09-28,ASN-002-002,Role/location/FTE/fee from source; employment/delivery/RTB-CTB attributes synthetic,RA-002,Current,2026-08-15,Medium,ISSUE-002,SLA-002,2026-08,99.9686,99.9,false
synthetic-pack-20260928,V-002,Velmora Cloud Operations,CTR-002,SVC-002,SOW-002,ORG-02,PROD-02,BC20002,T2002,2026-09-28,2025-01-01,2027-03-27,Managed service agreement,ASN-002-003,APP-005,SYN-EMP-002-003,Synthetic resource 002-003,Employee,Regular,Vendor workforce; not buyer employees,Velmora Cloud Operations,FinOps analyst,Cloud operations,N,United Kingdom,Offshore,UK-South,United Kingdom,Velmora Cloud Operations,PO-002-2026,Technology Operations,85,15,TEAM-002,Cloud platform operations team,Operations,Distributed,OU3102,true,1.0,34722.23,Canonical source allocated service fee; not salary or an additional spend fact,2025-01-01,2027-03-27,18,3,"First canonical assignments, retaining one shadow where present",Representative subset; not full headcount and not extrapolation weights,04_workforce/V-002_workforce.json,2026-09-28,ASN-002-003,Role/location/FTE/fee from source; employment/delivery/RTB-CTB attributes synthetic,RA-002,Current,2026-08-15,Medium,ISSUE-002,SLA-002,2026-08,99.9686,99.9,false
synthetic-pack-20260928,V-003,Cindervale Cyber Services,CTR-003,SVC-003,SOW-003,ORG-03,PROD-03,BC20003,T2003,2026-09-28,2025-01-01,2027-01-26,Managed service agreement,ASN-003-001,APP-001,SYN-EMP-003-001,Synthetic resource 003-001,Consultant,Professional services,Vendor workforce; not buyer employees,Cindervale Cyber Services,SOC lead,Security operations,Y,United States,Onshore,US-East,United States,Cindervale Cyber Services,PO-003-2026,Corporate Services,85,15,TEAM-003,Security operations monitoring team,Operations,Distributed,OU3103,true,1.0,20833.34,Canonical source allocated service fee; not salary or an additional spend fact,2025-01-01,2027-01-26,22,4,"First canonical assignments, retaining one shadow where present",Representative subset; not full headcount and not extrapolation weights,04_workforce/V-003_workforce.json,2026-09-28,ASN-003-001,Role/location/FTE/fee from source; employment/delivery/RTB-CTB attributes synthetic,RA-003,Current,2026-08-15,High,ISSUE-003,SLA-003,2026-08,99.0,98.0,false
synthetic-pack-20260928,V-003,Cindervale Cyber Services,CTR-003,SVC-003,SOW-003,ORG-03,PROD-03,BC20003,T2003,2026-09-28,2025-01-01,2027-01-26,Managed service agreement,ASN-003-002,APP-005,SYN-EMP-003-002,Synthetic resource 003-002,Employee,Regular,Vendor workforce; not buyer employees,Cindervale Cyber Services,Threat analyst,Security operations,N,India,Offshore,India-West,India,Cindervale Cyber Services,PO-003-2026,Corporate Services,85,15,TEAM-003,Security operations monitoring team,Operations,Distributed,OU3103,true,1.0,20833.34,Canonical source allocated service fee; not salary or an additional spend fact,2025-01-01,2027-01-26,22,4,"First canonical assignments, retaining one shadow where present",Representative subset; not full headcount and not extrapolation weights,04_workforce/V-003_workforce.json,2026-09-28,ASN-003-002,Role/location/FTE/fee from source; employment/delivery/RTB-CTB attributes synthetic,RA-003,Current,2026-08-15,High,ISSUE-003,SLA-003,2026-08,99.0,98.0,false
synthetic-pack-20260928,V-003,Cindervale Cyber Services,CTR-003,SVC-003,SOW-003,ORG-03,PROD-03,BC20003,T2003,2026-09-28,2025-01-01,2027-01-26,Managed service agreement,ASN-003-003,APP-006,SYN-EMP-003-003,Synthetic resource 003-003,Contractor,Contingent,Vendor workforce; not buyer employees,Cindervale Cyber Services,Detection engineer,Security operations,N,United Kingdom,Offshore,UK-South,United Kingdom,Cindervale Cyber Services,PO-003-2026,Corporate Services,85,15,TEAM-003,Security operations monitoring team,Operations,Distributed,OU3103,true,1.0,20833.34,Canonical source allocated service fee; not salary or an additional spend fact,2025-01-01,2027-01-26,22,4,"First canonical assignments, retaining one shadow where present",Representative subset; not full headcount and not extrapolation weights,04_workforce/V-003_workforce.json,2026-09-28,ASN-003-003,Role/location/FTE/fee from source; employment/delivery/RTB-CTB attributes synthetic,RA-003,Current,2026-08-15,High,ISSUE-003,SLA-003,2026-08,99.0,98.0,false
synthetic-pack-20260928,V-003,Cindervale Cyber Services,CTR-003,SVC-003,SOW-003,ORG-03,PROD-03,BC20003,T2003,2026-09-28,2025-01-01,2027-01-26,Managed service agreement,ASN-003-004,APP-001,SYN-EMP-003-004,Synthetic resource 003-004,Consultant,Professional services,Vendor workforce; not buyer employees,Cindervale Cyber Services,SOC lead,Security operations,Y,United States,Onshore,US-East,United States,Cindervale Cyber Services,PO-003-2026,Corporate Services,85,15,TEAM-003,Security operations monitoring team,Operations,Distributed,OU3103,true,1.0,20833.34,Canonical source allocated service fee; not salary or an additional spend fact,2025-01-01,2027-01-26,22,4,"First canonical assignments, retaining one shadow where present",Representative subset; not full headcount and not extrapolation weights,04_workforce/V-003_workforce.json,2026-09-28,ASN-003-004,Role/location/FTE/fee from source; employment/delivery/RTB-CTB attributes synthetic,RA-003,Current,2026-08-15,High,ISSUE-003,SLA-003,2026-08,99.0,98.0,false
synthetic-pack-20260928,V-004,Orivanta Data Engineering,CTR-004,SVC-004,SOW-004,ORG-04,PROD-04,BC20004,T2004,2026-09-28,2025-01-01,2027-05-26,Fixed-price delivery SOW,ASN-004-001,APP-001,SYN-EMP-004-001,Synthetic resource 004-001,Employee,Regular,Vendor workforce; not buyer employees,Orivanta Data Engineering,Data architect,ETL and integration,N,United States,Onshore,US-East,United States,Orivanta Data Engineering,PO-004-2026,Transformation,30,70,TEAM-004,ETL migration and data integration team,Delivery,Distributed,OU3104,true,1.0,21875.00,Canonical source allocated service fee; not salary or an additional spend fact,2025-01-01,2027-05-26,16,3,"First canonical assignments, retaining one shadow where present",Representative subset; not full headcount and not extrapolation weights,04_workforce/V-004_workforce.json,2026-09-28,ASN-004-001,Role/location/FTE/fee from source; employment/delivery/RTB-CTB attributes synthetic,RA-004,Current,2026-08-15,Medium,ISSUE-004,SLA-004,2026-08,96.4815,98.0,true
synthetic-pack-20260928,V-004,Orivanta Data Engineering,CTR-004,SVC-004,SOW-004,ORG-04,PROD-04,BC20004,T2004,2026-09-28,2025-01-01,2027-05-26,Fixed-price delivery SOW,ASN-004-002,APP-002,SYN-EMP-004-002,Synthetic resource 004-002,Contractor,Contingent,Vendor workforce; not buyer employees,Orivanta Data Engineering,ETL engineer,ETL and integration,N,India,Offshore,India-West,India,Orivanta Data Engineering,PO-004-2026,Transformation,30,70,TEAM-004,ETL migration and data integration team,Delivery,Distributed,OU3104,true,1.0,21875.00,Canonical source allocated service fee; not salary or an additional spend fact,2025-01-01,2027-05-26,16,3,"First canonical assignments, retaining one shadow where present",Representative subset; not full headcount and not extrapolation weights,04_workforce/V-004_workforce.json,2026-09-28,ASN-004-002,Role/location/FTE/fee from source; employment/delivery/RTB-CTB attributes synthetic,RA-004,Current,2026-08-15,Medium,ISSUE-004,SLA-004,2026-08,96.4815,98.0,true
synthetic-pack-20260928,V-004,Orivanta Data Engineering,CTR-004,SVC-004,SOW-004,ORG-04,PROD-04,BC20004,T2004,2026-09-28,2025-01-01,2027-05-26,Fixed-price delivery SOW,ASN-004-003,APP-006,SYN-EMP-004-003,Synthetic resource 004-003,Consultant,Professional services,Vendor workforce; not buyer employees,Orivanta Data Engineering,Data quality analyst,ETL and integration,N,United Kingdom,Offshore,UK-South,United Kingdom,Orivanta Data Engineering,PO-004-2026,Transformation,30,70,TEAM-004,ETL migration and data integration team,Delivery,Distributed,OU3104,true,1.0,21875.00,Canonical source allocated service fee; not salary or an additional spend fact,2025-01-01,2027-05-26,16,3,"First canonical assignments, retaining one shadow where present",Representative subset; not full headcount and not extrapolation weights,04_workforce/V-004_workforce.json,2026-09-28,ASN-004-003,Role/location/FTE/fee from source; employment/delivery/RTB-CTB attributes synthetic,RA-004,Current,2026-08-15,Medium,ISSUE-004,SLA-004,2026-08,96.4815,98.0,true
synthetic-pack-20260928,V-005,Lumenquay Identity Systems,CTR-005,SVC-005,SOW-005,ORG-01,PROD-01,BC20005,T2005,2026-09-28,2025-01-01,2026-10-13,Capped T&M work order,ASN-005-001,APP-001,SYN-EMP-005-001,Synthetic resource 005-001,Contractor,Contingent,Vendor workforce; not buyer employees,Lumenquay Identity Systems,IAM architect,Identity,N,United States,Onshore,US-East,United States,Lumenquay Identity Systems,PO-005-2026,Payments,85,15,TEAM-005,Identity and access engineering team,Operations,Distributed,OU3101,true,1.0,22916.67,Canonical source allocated service fee; not salary or an additional spend fact,2025-01-01,2026-10-13,12,3,"First canonical assignments, retaining one shadow where present",Representative subset; not full headcount and not extrapolation weights,04_workforce/V-005_workforce.json,2026-09-28,ASN-005-001,Role/location/FTE/fee from source; employment/delivery/RTB-CTB attributes synthetic,RA-005,Current,2026-08-15,High,ISSUE-005,SLA-005,2026-08,99.1667,98.0,false
synthetic-pack-20260928,V-005,Lumenquay Identity Systems,CTR-005,SVC-005,SOW-005,ORG-01,PROD-01,BC20005,T2005,2026-09-28,2025-01-01,2026-10-13,Capped T&M work order,ASN-005-002,APP-002,SYN-EMP-005-002,Synthetic resource 005-002,Consultant,Professional services,Vendor workforce; not buyer employees,Lumenquay Identity Systems,Integration engineer,Identity,N,India,Offshore,India-West,India,Lumenquay Identity Systems,PO-005-2026,Payments,85,15,TEAM-005,Identity and access engineering team,Operations,Distributed,OU3101,true,1.0,22916.67,Canonical source allocated service fee; not salary or an additional spend fact,2025-01-01,2026-10-13,12,3,"First canonical assignments, retaining one shadow where present",Representative subset; not full headcount and not extrapolation weights,04_workforce/V-005_workforce.json,2026-09-28,ASN-005-002,Role/location/FTE/fee from source; employment/delivery/RTB-CTB attributes synthetic,RA-005,Current,2026-08-15,High,ISSUE-005,SLA-005,2026-08,99.1667,98.0,false
synthetic-pack-20260928,V-005,Lumenquay Identity Systems,CTR-005,SVC-005,SOW-005,ORG-01,PROD-01,BC20005,T2005,2026-09-28,2025-01-01,2026-10-13,Capped T&M work order,ASN-005-003,APP-006,SYN-EMP-005-003,Synthetic resource 005-003,Employee,Regular,Vendor workforce; not buyer employees,Lumenquay Identity Systems,Access test analyst,Identity,N,United Kingdom,Offshore,UK-South,United Kingdom,Lumenquay Identity Systems,PO-005-2026,Payments,85,15,TEAM-005,Identity and access engineering team,Operations,Distributed,OU3101,true,1.0,22916.67,Canonical source allocated service fee; not salary or an additional spend fact,2025-01-01,2026-10-13,12,3,"First canonical assignments, retaining one shadow where present",Representative subset; not full headcount and not extrapolation weights,04_workforce/V-005_workforce.json,2026-09-28,ASN-005-003,Role/location/FTE/fee from source; employment/delivery/RTB-CTB attributes synthetic,RA-005,Current,2026-08-15,High,ISSUE-005,SLA-005,2026-08,99.1667,98.0,false
synthetic-pack-20260928,V-006,Tervona Network Services,CTR-006,SVC-006,SOW-006,ORG-02,PROD-02,BC20006,T2006,2026-09-28,2025-01-01,2027-09-28,Managed service agreement,ASN-006-001,APP-002,SYN-EMP-006-001,Synthetic resource 006-001,Consultant,Professional services,Vendor workforce; not buyer employees,Tervona Network Services,Network lead,Network operations,Y,United States,Onshore,US-East,United States,Tervona Network Services,PO-006-2026,Technology Operations,85,15,TEAM-006,Network operations team,Operations,Distributed,OU3102,true,1.0,25000.00,Canonical source allocated service fee; not salary or an additional spend fact,2025-01-01,2027-09-28,8,3,"First canonical assignments, retaining one shadow where present",Representative subset; not full headcount and not extrapolation weights,04_workforce/V-006_workforce.json,2026-09-28,ASN-006-001,Role/location/FTE/fee from source; employment/delivery/RTB-CTB attributes synthetic,RA-006,Current,2026-08-15,Medium,ISSUE-006,SLA-006,2026-08,99.9597,99.9,false
synthetic-pack-20260928,V-006,Tervona Network Services,CTR-006,SVC-006,SOW-006,ORG-02,PROD-02,BC20006,T2006,2026-09-28,2025-01-01,2027-09-28,Managed service agreement,ASN-006-002,APP-005,SYN-EMP-006-002,Synthetic resource 006-002,Employee,Regular,Vendor workforce; not buyer employees,Tervona Network Services,Network engineer,Network operations,N,India,Offshore,India-West,India,Tervona Network Services,PO-006-2026,Technology Operations,85,15,TEAM-006,Network operations team,Operations,Distributed,OU3102,true,1.0,25000.00,Canonical source allocated service fee; not salary or an additional spend fact,2025-01-01,2027-09-28,8,3,"First canonical assignments, retaining one shadow where present",Representative subset; not full headcount and not extrapolation weights,04_workforce/V-006_workforce.json,2026-09-28,ASN-006-002,Role/location/FTE/fee from source; employment/delivery/RTB-CTB attributes synthetic,RA-006,Current,2026-08-15,Medium,ISSUE-006,SLA-006,2026-08,99.9597,99.9,false
synthetic-pack-20260928,V-006,Tervona Network Services,CTR-006,SVC-006,SOW-006,ORG-02,PROD-02,BC20006,T2006,2026-09-28,2025-01-01,2027-09-28,Managed service agreement,ASN-006-003,APP-006,SYN-EMP-006-003,Synthetic resource 006-003,Contractor,Contingent,Vendor workforce; not buyer employees,Tervona Network Services,NOC analyst,Network operations,N,United Kingdom,Offshore,UK-South,United Kingdom,Tervona Network Services,PO-006-2026,Technology Operations,85,15,TEAM-006,Network operations team,Operations,Distributed,OU3102,true,1.0,25000.00,Canonical source allocated service fee; not salary or an additional spend fact,2025-01-01,2027-09-28,8,3,"First canonical assignments, retaining one shadow where present",Representative subset; not full headcount and not extrapolation weights,04_workforce/V-006_workforce.json,2026-09-28,ASN-006-003,Role/location/FTE/fee from source; employment/delivery/RTB-CTB attributes synthetic,RA-006,Current,2026-08-15,Medium,ISSUE-006,SLA-006,2026-08,99.9597,99.9,false
synthetic-pack-20260928,V-007,Brivanta Quality Labs,CTR-007,SVC-007,SOW-007,ORG-03,PROD-03,BC20007,T2007,2026-09-28,2025-01-01,2026-11-27,Agile delivery work order,ASN-007-001,APP-008,SYN-EMP-007-001,Synthetic resource 007-001,Employee,Regular,Vendor workforce; not buyer employees,Brivanta Quality Labs,QA product lead,Quality engineering,Y,United States,Onshore,US-East,United States,Brivanta Quality Labs,PO-007-2026,Corporate Services,30,70,TEAM-007,Software quality assurance team,Delivery,Distributed,OU3103,true,1.0,11904.77,Canonical source allocated service fee; not salary or an additional spend fact,2025-01-01,2026-11-27,14,3,"First canonical assignments, retaining one shadow where present",Representative subset; not full headcount and not extrapolation weights,04_workforce/V-007_workforce.json,2026-09-28,ASN-007-001,Role/location/FTE/fee from source; employment/delivery/RTB-CTB attributes synthetic,RA-007,Current,2026-08-15,Low,ISSUE-007,SLA-007,2026-08,99.0,98.0,false
synthetic-pack-20260928,V-007,Brivanta Quality Labs,CTR-007,SVC-007,SOW-007,ORG-03,PROD-03,BC20007,T2007,2026-09-28,2025-01-01,2026-11-27,Agile delivery work order,ASN-007-002,APP-014,SYN-EMP-007-002,Synthetic resource 007-002,Contractor,Contingent,Vendor workforce; not buyer employees,Brivanta Quality Labs,Automation engineer,Quality engineering,N,India,Offshore,India-West,India,Brivanta Quality Labs,PO-007-2026,Corporate Services,30,70,TEAM-007,Software quality assurance team,Delivery,Distributed,OU3103,true,1.0,11904.77,Canonical source allocated service fee; not salary or an additional spend fact,2025-01-01,2026-11-27,14,3,"First canonical assignments, retaining one shadow where present",Representative subset; not full headcount and not extrapolation weights,04_workforce/V-007_workforce.json,2026-09-28,ASN-007-002,Role/location/FTE/fee from source; employment/delivery/RTB-CTB attributes synthetic,RA-007,Current,2026-08-15,Low,ISSUE-007,SLA-007,2026-08,99.0,98.0,false
synthetic-pack-20260928,V-007,Brivanta Quality Labs,CTR-007,SVC-007,SOW-007,ORG-03,PROD-03,BC20007,T2007,2026-09-28,2025-01-01,2026-11-27,Agile delivery work order,ASN-007-003,APP-008,SYN-EMP-007-003,Synthetic resource 007-003,Consultant,Professional services,Vendor workforce; not buyer employees,Brivanta Quality Labs,Performance tester,Quality engineering,N,United Kingdom,Offshore,UK-South,United Kingdom,Brivanta Quality Labs,PO-007-2026,Corporate Services,30,70,TEAM-007,Software quality assurance team,Delivery,Distributed,OU3103,true,1.0,11904.76,Canonical source allocated service fee; not salary or an additional spend fact,2025-01-01,2026-11-27,14,3,"First canonical assignments, retaining one shadow where present",Representative subset; not full headcount and not extrapolation weights,04_workforce/V-007_workforce.json,2026-09-28,ASN-007-003,Role/location/FTE/fee from source; employment/delivery/RTB-CTB attributes synthetic,RA-007,Current,2026-08-15,Low,ISSUE-007,SLA-007,2026-08,99.0,98.0,false
synthetic-pack-20260928,V-008,Norevia Decision Science,CTR-008,SVC-008,SOW-008,ORG-04,PROD-04,BC20008,T2008,2026-09-28,2025-01-01,2027-06-25,Research stage-gate SOW,ASN-008-001,APP-008,SYN-EMP-008-001,Synthetic resource 008-001,Contractor,Contingent,Vendor workforce; not buyer employees,Norevia Decision Science,Data science lead,Data science,Y,United States,Onshore,US-East,United States,Norevia Decision Science,PO-008-2026,Transformation,30,70,TEAM-008,Data science and vendor anomaly modeling team,Delivery,Distributed,OU3104,true,1.0,23333.34,Canonical source allocated service fee; not salary or an additional spend fact,2025-01-01,2027-06-25,10,3,"First canonical assignments, retaining one shadow where present",Representative subset; not full headcount and not extrapolation weights,04_workforce/V-008_workforce.json,2026-09-28,ASN-008-001,Role/location/FTE/fee from source; employment/delivery/RTB-CTB attributes synthetic,RA-008,Current,2026-08-15,Medium,ISSUE-008,SLA-008,2026-08,99.0,98.0,false
synthetic-pack-20260928,V-008,Norevia Decision Science,CTR-008,SVC-008,SOW-008,ORG-04,PROD-04,BC20008,T2008,2026-09-28,2025-01-01,2027-06-25,Research stage-gate SOW,ASN-008-002,APP-016,SYN-EMP-008-002,Synthetic resource 008-002,Consultant,Professional services,Vendor workforce; not buyer employees,Norevia Decision Science,ML scientist,Data science,N,India,Offshore,India-West,India,Norevia Decision Science,PO-008-2026,Transformation,30,70,TEAM-008,Data science and vendor anomaly modeling team,Delivery,Distributed,OU3104,true,1.0,23333.34,Canonical source allocated service fee; not salary or an additional spend fact,2025-01-01,2027-06-25,10,3,"First canonical assignments, retaining one shadow where present",Representative subset; not full headcount and not extrapolation weights,04_workforce/V-008_workforce.json,2026-09-28,ASN-008-002,Role/location/FTE/fee from source; employment/delivery/RTB-CTB attributes synthetic,RA-008,Current,2026-08-15,Medium,ISSUE-008,SLA-008,2026-08,99.0,98.0,false
synthetic-pack-20260928,V-008,Norevia Decision Science,CTR-008,SVC-008,SOW-008,ORG-04,PROD-04,BC20008,T2008,2026-09-28,2025-01-01,2027-06-25,Research stage-gate SOW,ASN-008-003,APP-008,SYN-EMP-008-003,Synthetic resource 008-003,Employee,Regular,Vendor workforce; not buyer employees,Norevia Decision Science,Model validation analyst,Data science,N,United Kingdom,Offshore,UK-South,United Kingdom,Norevia Decision Science,PO-008-2026,Transformation,30,70,TEAM-008,Data science and vendor anomaly modeling team,Delivery,Distributed,OU3104,true,1.0,23333.34,Canonical source allocated service fee; not salary or an additional spend fact,2025-01-01,2027-06-25,10,3,"First canonical assignments, retaining one shadow where present",Representative subset; not full headcount and not extrapolation weights,04_workforce/V-008_workforce.json,2026-09-28,ASN-008-003,Role/location/FTE/fee from source; employment/delivery/RTB-CTB attributes synthetic,RA-008,Current,2026-08-15,Medium,ISSUE-008,SLA-008,2026-08,99.0,98.0,false
synthetic-pack-20260928,V-009,Veylora Application Services,CTR-009,SVC-009,SOW-009,ORG-01,PROD-01,BC20009,T2009,2026-09-28,2025-01-01,2026-11-12,Capacity support schedule,ASN-009-001,APP-001,SYN-EMP-009-001,Synthetic resource 009-001,Consultant,Professional services,Vendor workforce; not buyer employees,Veylora Application Services,Application lead,Application maintenance,Y,United States,Onshore,US-East,United States,Veylora Application Services,PO-009-2026,Payments,85,15,TEAM-009,Application maintenance team,Operations,Distributed,OU3101,true,1.0,17361.12,Canonical source allocated service fee; not salary or an additional spend fact,2025-01-01,2026-11-12,25,4,"First canonical assignments, retaining one shadow where present",Representative subset; not full headcount and not extrapolation weights,04_workforce/V-009_workforce.json,2026-09-28,ASN-009-001,Role/location/FTE/fee from source; employment/delivery/RTB-CTB attributes synthetic,RA-009,Stale,2025-06-01,High,ISSUE-009,SLA-009,2026-08,99.7984,99.9,true
synthetic-pack-20260928,V-009,Veylora Application Services,CTR-009,SVC-009,SOW-009,ORG-01,PROD-01,BC20009,T2009,2026-09-28,2025-01-01,2026-11-12,Capacity support schedule,ASN-009-002,APP-003,SYN-EMP-009-002,Synthetic resource 009-002,Employee,Regular,Vendor workforce; not buyer employees,Veylora Application Services,Maintenance engineer,Application maintenance,N,India,Offshore,India-West,India,Veylora Application Services,PO-009-2026,Payments,85,15,TEAM-009,Application maintenance team,Operations,Distributed,OU3101,true,1.0,17361.12,Canonical source allocated service fee; not salary or an additional spend fact,2025-01-01,2026-11-12,25,4,"First canonical assignments, retaining one shadow where present",Representative subset; not full headcount and not extrapolation weights,04_workforce/V-009_workforce.json,2026-09-28,ASN-009-002,Role/location/FTE/fee from source; employment/delivery/RTB-CTB attributes synthetic,RA-009,Stale,2025-06-01,High,ISSUE-009,SLA-009,2026-08,99.7984,99.9,true
synthetic-pack-20260928,V-009,Veylora Application Services,CTR-009,SVC-009,SOW-009,ORG-01,PROD-01,BC20009,T2009,2026-09-28,2025-01-01,2026-11-12,Capacity support schedule,ASN-009-003,APP-008,SYN-EMP-009-003,Synthetic resource 009-003,Contractor,Contingent,Vendor workforce; not buyer employees,Veylora Application Services,Interface analyst,Application maintenance,N,United Kingdom,Offshore,UK-South,United Kingdom,Veylora Application Services,PO-009-2026,Payments,85,15,TEAM-009,Application maintenance team,Operations,Distributed,OU3101,true,1.0,17361.11,Canonical source allocated service fee; not salary or an additional spend fact,2025-01-01,2026-11-12,25,4,"First canonical assignments, retaining one shadow where present",Representative subset; not full headcount and not extrapolation weights,04_workforce/V-009_workforce.json,2026-09-28,ASN-009-003,Role/location/FTE/fee from source; employment/delivery/RTB-CTB attributes synthetic,RA-009,Stale,2025-06-01,High,ISSUE-009,SLA-009,2026-08,99.7984,99.9,true
synthetic-pack-20260928,V-009,Veylora Application Services,CTR-009,SVC-009,SOW-009,ORG-01,PROD-01,BC20009,T2009,2026-09-28,2025-01-01,2026-11-12,Capacity support schedule,ASN-009-025,APP-001,SYN-EMP-009-025,Synthetic resource 009-025,Consultant,Professional services,Vendor workforce; not buyer employees,Veylora Application Services,Shadow trainee,Application maintenance,N,United States,Onshore,US-East,United States,Veylora Application Services,PO-009-2026,Payments,85,15,TEAM-009,Application maintenance team,Operations,Distributed,OU3101,false,1.0,0.00,Canonical source allocated service fee; not salary or an additional spend fact,2025-01-01,2026-11-12,25,4,"First canonical assignments, retaining one shadow where present",Representative subset; not full headcount and not extrapolation weights,04_workforce/V-009_workforce.json,2026-09-28,ASN-009-025,Role/location/FTE/fee from source; employment/delivery/RTB-CTB attributes synthetic,RA-009,Stale,2025-06-01,High,ISSUE-009,SLA-009,2026-08,99.7984,99.9,true
synthetic-pack-20260928,V-010,Solenquill Workflow Software,CTR-010,SVC-010,SOW-010,ORG-02,PROD-02,BC20010,T2010,2026-09-28,2025-01-01,2027-02-25,SaaS subscription order,ASN-010-001,APP-010,SYN-EMP-010-001,Synthetic resource 010-001,Employee,Regular,Vendor workforce; not buyer employees,Solenquill Workflow Software,Tenant administrator,Workflow software,N,United States,Onshore,US-East,United States,Solenquill Workflow Software,PO-010-2026,Technology Operations,85,15,TEAM-010,Workflow platform subscription team,Operations,Distributed,OU3102,true,1.0,22916.67,Canonical source allocated service fee; not salary or an additional spend fact,2025-01-01,2027-02-25,4,2,"First canonical assignments, retaining one shadow where present",Representative subset; not full headcount and not extrapolation weights,04_workforce/V-010_workforce.json,2026-09-28,ASN-010-001,Role/location/FTE/fee from source; employment/delivery/RTB-CTB attributes synthetic,RA-010,Current,2026-08-15,Medium,ISSUE-010,SLA-010,2026-08,99.9664,99.9,false
synthetic-pack-20260928,V-010,Solenquill Workflow Software,CTR-010,SVC-010,SOW-010,ORG-02,PROD-02,BC20010,T2010,2026-09-28,2025-01-01,2027-02-25,SaaS subscription order,ASN-010-002,APP-010,SYN-EMP-010-002,Synthetic resource 010-002,Contractor,Contingent,Vendor workforce; not buyer employees,Solenquill Workflow Software,Workflow configurator,Workflow software,N,India,Offshore,India-West,India,Solenquill Workflow Software,PO-010-2026,Technology Operations,85,15,TEAM-010,Workflow platform subscription team,Operations,Distributed,OU3102,true,1.0,22916.67,Canonical source allocated service fee; not salary or an additional spend fact,2025-01-01,2027-02-25,4,2,"First canonical assignments, retaining one shadow where present",Representative subset; not full headcount and not extrapolation weights,04_workforce/V-010_workforce.json,2026-09-28,ASN-010-002,Role/location/FTE/fee from source; employment/delivery/RTB-CTB attributes synthetic,RA-010,Current,2026-08-15,Medium,ISSUE-010,SLA-010,2026-08,99.9664,99.9,false
synthetic-pack-20260928,V-011,Caldris Recovery Services,CTR-011,SVC-011,SOW-011,ORG-03,PROD-03,BC20011,T2011,2026-09-28,2025-01-01,2027-04-26,Managed service agreement,ASN-011-001,APP-001,SYN-EMP-011-001,Synthetic resource 011-001,Contractor,Contingent,Vendor workforce; not buyer employees,Caldris Recovery Services,Recovery lead,Recovery,Y,United States,Onshore,US-East,United States,Caldris Recovery Services,PO-011-2026,Corporate Services,85,15,TEAM-011,Backup and recovery operations team,Operations,Distributed,OU3103,true,1.0,27777.78,Canonical source allocated service fee; not salary or an additional spend fact,2025-01-01,2027-04-26,6,2,"First canonical assignments, retaining one shadow where present",Representative subset; not full headcount and not extrapolation weights,04_workforce/V-011_workforce.json,2026-09-28,ASN-011-001,Role/location/FTE/fee from source; employment/delivery/RTB-CTB attributes synthetic,RA-011,Current,2026-08-15,Low,ISSUE-011,SLA-011,2026-08,99.0,98.0,false
synthetic-pack-20260928,V-011,Caldris Recovery Services,CTR-011,SVC-011,SOW-011,ORG-03,PROD-03,BC20011,T2011,2026-09-28,2025-01-01,2027-04-26,Managed service agreement,ASN-011-002,APP-002,SYN-EMP-011-002,Synthetic resource 011-002,Consultant,Professional services,Vendor workforce; not buyer employees,Caldris Recovery Services,Backup engineer,Recovery,N,India,Offshore,India-West,India,Caldris Recovery Services,PO-011-2026,Corporate Services,85,15,TEAM-011,Backup and recovery operations team,Operations,Distributed,OU3103,true,1.0,27777.78,Canonical source allocated service fee; not salary or an additional spend fact,2025-01-01,2027-04-26,6,2,"First canonical assignments, retaining one shadow where present",Representative subset; not full headcount and not extrapolation weights,04_workforce/V-011_workforce.json,2026-09-28,ASN-011-002,Role/location/FTE/fee from source; employment/delivery/RTB-CTB attributes synthetic,RA-011,Current,2026-08-15,Low,ISSUE-011,SLA-011,2026-08,99.0,98.0,false
synthetic-pack-20260928,V-012,Avendryl Analytics Studio,CTR-012,SVC-012,SOW-012,ORG-04,PROD-04,BC20012,T2012,2026-09-28,2025-01-01,2027-08-24,Fixed-price delivery SOW,ASN-012-001,APP-008,SYN-EMP-012-001,Synthetic resource 012-001,Consultant,Professional services,Vendor workforce; not buyer employees,Avendryl Analytics Studio,BI lead,BI and dashboards,Y,United States,Onshore,US-East,United States,Avendryl Analytics Studio,PO-012-2026,Transformation,30,70,TEAM-012,Executive BI dashboards and semantic modeling team,Delivery,Distributed,OU3104,true,1.0,22222.23,Canonical source allocated service fee; not salary or an additional spend fact,2025-01-01,2027-08-24,9,3,"First canonical assignments, retaining one shadow where present",Representative subset; not full headcount and not extrapolation weights,04_workforce/V-012_workforce.json,2026-09-28,ASN-012-001,Role/location/FTE/fee from source; employment/delivery/RTB-CTB attributes synthetic,RA-012,Current,2026-08-15,Medium,ISSUE-012,SLA-012,2026-08,98.8889,98.0,false
synthetic-pack-20260928,V-012,Avendryl Analytics Studio,CTR-012,SVC-012,SOW-012,ORG-04,PROD-04,BC20012,T2012,2026-09-28,2025-01-01,2027-08-24,Fixed-price delivery SOW,ASN-012-002,APP-009,SYN-EMP-012-002,Synthetic resource 012-002,Employee,Regular,Vendor workforce; not buyer employees,Avendryl Analytics Studio,Dashboard developer,BI and dashboards,N,India,Offshore,India-West,India,Avendryl Analytics Studio,PO-012-2026,Transformation,30,70,TEAM-012,Executive BI dashboards and semantic modeling team,Delivery,Distributed,OU3104,true,1.0,22222.23,Canonical source allocated service fee; not salary or an additional spend fact,2025-01-01,2027-08-24,9,3,"First canonical assignments, retaining one shadow where present",Representative subset; not full headcount and not extrapolation weights,04_workforce/V-012_workforce.json,2026-09-28,ASN-012-002,Role/location/FTE/fee from source; employment/delivery/RTB-CTB attributes synthetic,RA-012,Current,2026-08-15,Medium,ISSUE-012,SLA-012,2026-08,98.8889,98.0,false
synthetic-pack-20260928,V-012,Avendryl Analytics Studio,CTR-012,SVC-012,SOW-012,ORG-04,PROD-04,BC20012,T2012,2026-09-28,2025-01-01,2027-08-24,Fixed-price delivery SOW,ASN-012-003,APP-012,SYN-EMP-012-003,Synthetic resource 012-003,Contractor,Contingent,Vendor workforce; not buyer employees,Avendryl Analytics Studio,Analytics tester,BI and dashboards,N,United Kingdom,Offshore,UK-South,United Kingdom,Avendryl Analytics Studio,PO-012-2026,Transformation,30,70,TEAM-012,Executive BI dashboards and semantic modeling team,Delivery,Distributed,OU3104,true,1.0,22222.22,Canonical source allocated service fee; not salary or an additional spend fact,2025-01-01,2027-08-24,9,3,"First canonical assignments, retaining one shadow where present",Representative subset; not full headcount and not extrapolation weights,04_workforce/V-012_workforce.json,2026-09-28,ASN-012-003,Role/location/FTE/fee from source; employment/delivery/RTB-CTB attributes synthetic,RA-012,Current,2026-08-15,Medium,ISSUE-012,SLA-012,2026-08,98.8889,98.0,false
synthetic-pack-20260928,V-013,Mirelune Facilities,CTR-013,SVC-013,SOW-013,ORG-01,PROD-01,BC20013,T2013,2026-09-28,2025-01-01,2026-12-12,Managed service agreement,ASN-013-001,,SYN-EMP-013-001,Synthetic resource 013-001,Employee,Regular,Vendor workforce; not buyer employees,Mirelune Facilities,Facilities manager,Facilities,Y,United States,Onshore,US-East,United States,Mirelune Facilities,PO-013-2026,Payments,95,5,TEAM-013,Office facilities management team,Operations,Onsite,OU3101,true,1.0,5208.34,Canonical source allocated service fee; not salary or an additional spend fact,2025-01-01,2026-12-12,24,4,"First canonical assignments, retaining one shadow where present",Representative subset; not full headcount and not extrapolation weights,04_workforce/V-013_workforce.json,2026-09-28,ASN-013-001,Role/location/FTE/fee from source; employment/delivery/RTB-CTB attributes synthetic,RA-013,Current,2026-08-15,Low,ISSUE-013,SLA-013,2026-08,96.5,98.0,true
synthetic-pack-20260928,V-013,Mirelune Facilities,CTR-013,SVC-013,SOW-013,ORG-01,PROD-01,BC20013,T2013,2026-09-28,2025-01-01,2026-12-12,Managed service agreement,ASN-013-002,,SYN-EMP-013-002,Synthetic resource 013-002,Contractor,Contingent,Vendor workforce; not buyer employees,Mirelune Facilities,Maintenance technician,Facilities,N,United States,Onshore,US-East,United States,Mirelune Facilities,PO-013-2026,Payments,95,5,TEAM-013,Office facilities management team,Operations,Onsite,OU3101,true,1.0,5208.34,Canonical source allocated service fee; not salary or an additional spend fact,2025-01-01,2026-12-12,24,4,"First canonical assignments, retaining one shadow where present",Representative subset; not full headcount and not extrapolation weights,04_workforce/V-013_workforce.json,2026-09-28,ASN-013-002,Role/location/FTE/fee from source; employment/delivery/RTB-CTB attributes synthetic,RA-013,Current,2026-08-15,Low,ISSUE-013,SLA-013,2026-08,96.5,98.0,true
synthetic-pack-20260928,V-013,Mirelune Facilities,CTR-013,SVC-013,SOW-013,ORG-01,PROD-01,BC20013,T2013,2026-09-28,2025-01-01,2026-12-12,Managed service agreement,ASN-013-003,,SYN-EMP-013-003,Synthetic resource 013-003,Consultant,Professional services,Vendor workforce; not buyer employees,Mirelune Facilities,Work-order coordinator,Facilities,N,United States,Onshore,US-East,United States,Mirelune Facilities,PO-013-2026,Payments,95,5,TEAM-013,Office facilities management team,Operations,Onsite,OU3101,true,1.0,5208.34,Canonical source allocated service fee; not salary or an additional spend fact,2025-01-01,2026-12-12,24,4,"First canonical assignments, retaining one shadow where present",Representative subset; not full headcount and not extrapolation weights,04_workforce/V-013_workforce.json,2026-09-28,ASN-013-003,Role/location/FTE/fee from source; employment/delivery/RTB-CTB attributes synthetic,RA-013,Current,2026-08-15,Low,ISSUE-013,SLA-013,2026-08,96.5,98.0,true
synthetic-pack-20260928,V-013,Mirelune Facilities,CTR-013,SVC-013,SOW-013,ORG-01,PROD-01,BC20013,T2013,2026-09-28,2025-01-01,2026-12-12,Managed service agreement,ASN-013-004,,SYN-EMP-013-004,Synthetic resource 013-004,Employee,Regular,Vendor workforce; not buyer employees,Mirelune Facilities,Facilities manager,Facilities,Y,United States,Onshore,US-East,United States,Mirelune Facilities,PO-013-2026,Payments,95,5,TEAM-013,Office facilities management team,Operations,Onsite,OU3101,true,1.0,5208.34,Canonical source allocated service fee; not salary or an additional spend fact,2025-01-01,2026-12-12,24,4,"First canonical assignments, retaining one shadow where present",Representative subset; not full headcount and not extrapolation weights,04_workforce/V-013_workforce.json,2026-09-28,ASN-013-004,Role/location/FTE/fee from source; employment/delivery/RTB-CTB attributes synthetic,RA-013,Current,2026-08-15,Low,ISSUE-013,SLA-013,2026-08,96.5,98.0,true
synthetic-pack-20260928,V-014,Kestrelune Site Protection,CTR-014,SVC-014,SOW-014,ORG-02,PROD-02,BC20014,T2014,2026-09-28,2025-01-01,2027-01-16,Unit-rate service order,ASN-014-001,,SYN-EMP-014-001,Synthetic resource 014-001,Contractor,Contingent,Vendor workforce; not buyer employees,Kestrelune Site Protection,Security supervisor,Physical security,Y,United States,Onshore,US-East,United States,Kestrelune Site Protection,PO-014-2026,Technology Operations,95,5,TEAM-014,Physical security services team,Operations,Onsite,OU3102,true,1.0,4629.63,Canonical source allocated service fee; not salary or an additional spend fact,2025-01-01,2027-01-16,18,3,"First canonical assignments, retaining one shadow where present",Representative subset; not full headcount and not extrapolation weights,04_workforce/V-014_workforce.json,2026-09-28,ASN-014-001,Role/location/FTE/fee from source; employment/delivery/RTB-CTB attributes synthetic,RA-014,Current,2026-08-15,High,ISSUE-014,SLA-014,2026-08,96.4896,98.0,true
synthetic-pack-20260928,V-014,Kestrelune Site Protection,CTR-014,SVC-014,SOW-014,ORG-02,PROD-02,BC20014,T2014,2026-09-28,2025-01-01,2027-01-16,Unit-rate service order,ASN-014-002,,SYN-EMP-014-002,Synthetic resource 014-002,Consultant,Professional services,Vendor workforce; not buyer employees,Kestrelune Site Protection,Licensed guard,Physical security,N,United States,Onshore,US-East,United States,Kestrelune Site Protection,PO-014-2026,Technology Operations,95,5,TEAM-014,Physical security services team,Operations,Onsite,OU3102,true,1.0,4629.63,Canonical source allocated service fee; not salary or an additional spend fact,2025-01-01,2027-01-16,18,3,"First canonical assignments, retaining one shadow where present",Representative subset; not full headcount and not extrapolation weights,04_workforce/V-014_workforce.json,2026-09-28,ASN-014-002,Role/location/FTE/fee from source; employment/delivery/RTB-CTB attributes synthetic,RA-014,Current,2026-08-15,High,ISSUE-014,SLA-014,2026-08,96.4896,98.0,true
synthetic-pack-20260928,V-014,Kestrelune Site Protection,CTR-014,SVC-014,SOW-014,ORG-02,PROD-02,BC20014,T2014,2026-09-28,2025-01-01,2027-01-16,Unit-rate service order,ASN-014-003,,SYN-EMP-014-003,Synthetic resource 014-003,Employee,Regular,Vendor workforce; not buyer employees,Kestrelune Site Protection,Control-room operator,Physical security,N,United States,Onshore,US-East,United States,Kestrelune Site Protection,PO-014-2026,Technology Operations,95,5,TEAM-014,Physical security services team,Operations,Onsite,OU3102,true,1.0,4629.63,Canonical source allocated service fee; not salary or an additional spend fact,2025-01-01,2027-01-16,18,3,"First canonical assignments, retaining one shadow where present",Representative subset; not full headcount and not extrapolation weights,04_workforce/V-014_workforce.json,2026-09-28,ASN-014-003,Role/location/FTE/fee from source; employment/delivery/RTB-CTB attributes synthetic,RA-014,Current,2026-08-15,High,ISSUE-014,SLA-014,2026-08,96.4896,98.0,true
synthetic-pack-20260928,V-015,Elowyn Language Bureau,CTR-015,SVC-015,SOW-015,ORG-03,PROD-03,BC20015,T2015,2026-09-28,2025-01-01,2027-07-25,Unit-rate service order,ASN-015-001,,SYN-EMP-015-001,Synthetic resource 015-001,Consultant,Professional services,Vendor workforce; not buyer employees,Elowyn Language Bureau,Language lead,Language services,Y,United States,Onshore,US-East,United States,Elowyn Language Bureau,PO-015-2026,Corporate Services,95,5,TEAM-015,Translation and localization team,Operations,Onsite,OU3103,true,1.0,6666.67,Canonical source allocated service fee; not salary or an additional spend fact,2025-01-01,2027-07-25,5,2,"First canonical assignments, retaining one shadow where present",Representative subset; not full headcount and not extrapolation weights,04_workforce/V-015_workforce.json,2026-09-28,ASN-015-001,Role/location/FTE/fee from source; employment/delivery/RTB-CTB attributes synthetic,RA-015,Current,2026-08-15,Low,ISSUE-015,SLA-015,2026-08,99.0,98.0,false
synthetic-pack-20260928,V-015,Elowyn Language Bureau,CTR-015,SVC-015,SOW-015,ORG-03,PROD-03,BC20015,T2015,2026-09-28,2025-01-01,2027-07-25,Unit-rate service order,ASN-015-002,,SYN-EMP-015-002,Synthetic resource 015-002,Employee,Regular,Vendor workforce; not buyer employees,Elowyn Language Bureau,Translator,Language services,N,United States,Onshore,US-East,United States,Elowyn Language Bureau,PO-015-2026,Corporate Services,95,5,TEAM-015,Translation and localization team,Operations,Onsite,OU3103,true,1.0,6666.67,Canonical source allocated service fee; not salary or an additional spend fact,2025-01-01,2027-07-25,5,2,"First canonical assignments, retaining one shadow where present",Representative subset; not full headcount and not extrapolation weights,04_workforce/V-015_workforce.json,2026-09-28,ASN-015-002,Role/location/FTE/fee from source; employment/delivery/RTB-CTB attributes synthetic,RA-015,Current,2026-08-15,Low,ISSUE-015,SLA-015,2026-08,99.0,98.0,false
synthetic-pack-20260928,V-016,Faronelle Records Services,CTR-016,SVC-016,SOW-016,ORG-04,PROD-04,BC20016,T2016,2026-09-28,2025-01-01,2027-04-16,Unit-rate service order,ASN-016-001,,SYN-EMP-016-001,Synthetic resource 016-001,Employee,Regular,Vendor workforce; not buyer employees,Faronelle Records Services,Records lead,Records,Y,United States,Onshore,US-East,United States,Faronelle Records Services,PO-016-2026,Transformation,95,5,TEAM-016,Records storage and retrieval team,Operations,Onsite,OU3104,true,1.0,7291.67,Canonical source allocated service fee; not salary or an additional spend fact,2025-01-01,2027-04-16,8,3,"First canonical assignments, retaining one shadow where present",Representative subset; not full headcount and not extrapolation weights,04_workforce/V-016_workforce.json,2026-09-28,ASN-016-001,Role/location/FTE/fee from source; employment/delivery/RTB-CTB attributes synthetic,RA-016,Current,2026-08-15,High,ISSUE-016,SLA-016,2026-08,99.0,98.0,false
synthetic-pack-20260928,V-016,Faronelle Records Services,CTR-016,SVC-016,SOW-016,ORG-04,PROD-04,BC20016,T2016,2026-09-28,2025-01-01,2027-04-16,Unit-rate service order,ASN-016-002,,SYN-EMP-016-002,Synthetic resource 016-002,Contractor,Contingent,Vendor workforce; not buyer employees,Faronelle Records Services,Custody coordinator,Records,N,United States,Onshore,US-East,United States,Faronelle Records Services,PO-016-2026,Transformation,95,5,TEAM-016,Records storage and retrieval team,Operations,Onsite,OU3104,true,1.0,7291.67,Canonical source allocated service fee; not salary or an additional spend fact,2025-01-01,2027-04-16,8,3,"First canonical assignments, retaining one shadow where present",Representative subset; not full headcount and not extrapolation weights,04_workforce/V-016_workforce.json,2026-09-28,ASN-016-002,Role/location/FTE/fee from source; employment/delivery/RTB-CTB attributes synthetic,RA-016,Current,2026-08-15,High,ISSUE-016,SLA-016,2026-08,99.0,98.0,false
synthetic-pack-20260928,V-016,Faronelle Records Services,CTR-016,SVC-016,SOW-016,ORG-04,PROD-04,BC20016,T2016,2026-09-28,2025-01-01,2027-04-16,Unit-rate service order,ASN-016-003,,SYN-EMP-016-003,Synthetic resource 016-003,Consultant,Professional services,Vendor workforce; not buyer employees,Faronelle Records Services,Retrieval operator,Records,N,United States,Onshore,US-East,United States,Faronelle Records Services,PO-016-2026,Transformation,95,5,TEAM-016,Records storage and retrieval team,Operations,Onsite,OU3104,true,1.0,7291.67,Canonical source allocated service fee; not salary or an additional spend fact,2025-01-01,2027-04-16,8,3,"First canonical assignments, retaining one shadow where present",Representative subset; not full headcount and not extrapolation weights,04_workforce/V-016_workforce.json,2026-09-28,ASN-016-003,Role/location/FTE/fee from source; employment/delivery/RTB-CTB attributes synthetic,RA-016,Current,2026-08-15,High,ISSUE-016,SLA-016,2026-08,99.0,98.0,false
synthetic-pack-20260928,V-017,Pelvanta Learning Partners,CTR-017,SVC-017,SOW-017,ORG-01,PROD-01,BC20017,T2017,2026-09-28,2025-01-01,2027-11-02,Training call-off order,ASN-017-001,,SYN-EMP-017-001,Synthetic resource 017-001,Contractor,Contingent,Vendor workforce; not buyer employees,Pelvanta Learning Partners,Learning designer,Learning,N,United States,Onshore,US-East,United States,Pelvanta Learning Partners,PO-017-2026,Payments,95,5,TEAM-017,Workforce learning delivery team,Operations,Onsite,OU3101,true,1.0,6944.45,Canonical source allocated service fee; not salary or an additional spend fact,2025-01-01,2027-11-02,6,2,"First canonical assignments, retaining one shadow where present",Representative subset; not full headcount and not extrapolation weights,04_workforce/V-017_workforce.json,2026-09-28,ASN-017-001,Role/location/FTE/fee from source; employment/delivery/RTB-CTB attributes synthetic,RA-017,Missing,,,ISSUE-017,SLA-017,2026-08,100.0,98.0,false
synthetic-pack-20260928,V-017,Pelvanta Learning Partners,CTR-017,SVC-017,SOW-017,ORG-01,PROD-01,BC20017,T2017,2026-09-28,2025-01-01,2027-11-02,Training call-off order,ASN-017-002,,SYN-EMP-017-002,Synthetic resource 017-002,Consultant,Professional services,Vendor workforce; not buyer employees,Pelvanta Learning Partners,Facilitator,Learning,N,United States,Onshore,US-East,United States,Pelvanta Learning Partners,PO-017-2026,Payments,95,5,TEAM-017,Workforce learning delivery team,Operations,Onsite,OU3101,true,1.0,6944.45,Canonical source allocated service fee; not salary or an additional spend fact,2025-01-01,2027-11-02,6,2,"First canonical assignments, retaining one shadow where present",Representative subset; not full headcount and not extrapolation weights,04_workforce/V-017_workforce.json,2026-09-28,ASN-017-002,Role/location/FTE/fee from source; employment/delivery/RTB-CTB attributes synthetic,RA-017,Missing,,,ISSUE-017,SLA-017,2026-08,100.0,98.0,false
synthetic-pack-20260928,V-018,Ardovelle Advisory,CTR-018,SVC-018,SOW-018,ORG-02,PROD-02,BC20018,T2018,2026-09-28,2025-01-01,2026-10-28,Advisory milestone agreement,ASN-018-001,,SYN-EMP-018-001,Synthetic resource 018-001,Consultant,Professional services,Vendor workforce; not buyer employees,Ardovelle Advisory,Engagement partner,Advisory,Y,United States,Onshore,US-East,United States,Ardovelle Advisory,PO-018-2026,Technology Operations,30,70,TEAM-018,Operating model advisory team,Delivery,Onsite,OU3102,true,1.0,11666.67,Canonical source allocated service fee; not salary or an additional spend fact,2025-01-01,2026-10-28,10,3,"First canonical assignments, retaining one shadow where present",Representative subset; not full headcount and not extrapolation weights,04_workforce/V-018_workforce.json,2026-09-28,ASN-018-001,Role/location/FTE/fee from source; employment/delivery/RTB-CTB attributes synthetic,RA-018,Current,2026-08-15,Medium,ISSUE-018,SLA-018,2026-08,97.5,98.0,true
synthetic-pack-20260928,V-018,Ardovelle Advisory,CTR-018,SVC-018,SOW-018,ORG-02,PROD-02,BC20018,T2018,2026-09-28,2025-01-01,2026-10-28,Advisory milestone agreement,ASN-018-002,,SYN-EMP-018-002,Synthetic resource 018-002,Employee,Regular,Vendor workforce; not buyer employees,Ardovelle Advisory,Process consultant,Advisory,N,United States,Onshore,US-East,United States,Ardovelle Advisory,PO-018-2026,Technology Operations,30,70,TEAM-018,Operating model advisory team,Delivery,Onsite,OU3102,true,1.0,11666.67,Canonical source allocated service fee; not salary or an additional spend fact,2025-01-01,2026-10-28,10,3,"First canonical assignments, retaining one shadow where present",Representative subset; not full headcount and not extrapolation weights,04_workforce/V-018_workforce.json,2026-09-28,ASN-018-002,Role/location/FTE/fee from source; employment/delivery/RTB-CTB attributes synthetic,RA-018,Current,2026-08-15,Medium,ISSUE-018,SLA-018,2026-08,97.5,98.0,true
synthetic-pack-20260928,V-018,Ardovelle Advisory,CTR-018,SVC-018,SOW-018,ORG-02,PROD-02,BC20018,T2018,2026-09-28,2025-01-01,2026-10-28,Advisory milestone agreement,ASN-018-003,,SYN-EMP-018-003,Synthetic resource 018-003,Contractor,Contingent,Vendor workforce; not buyer employees,Ardovelle Advisory,Business analyst,Advisory,N,United States,Onshore,US-East,United States,Ardovelle Advisory,PO-018-2026,Technology Operations,30,70,TEAM-018,Operating model advisory team,Delivery,Onsite,OU3102,true,1.0,11666.67,Canonical source allocated service fee; not salary or an additional spend fact,2025-01-01,2026-10-28,10,3,"First canonical assignments, retaining one shadow where present",Representative subset; not full headcount and not extrapolation weights,04_workforce/V-018_workforce.json,2026-09-28,ASN-018-003,Role/location/FTE/fee from source; employment/delivery/RTB-CTB attributes synthetic,RA-018,Current,2026-08-15,Medium,ISSUE-018,SLA-018,2026-08,97.5,98.0,true
synthetic-pack-20260928,V-019,Quenora Logistics,CTR-019,SVC-019,SOW-019,ORG-03,PROD-03,BC20019,T2019,2026-09-28,2025-01-01,2027-03-07,Unit-rate service order,ASN-019-001,,SYN-EMP-019-001,Synthetic resource 019-001,Employee,Regular,Vendor workforce; not buyer employees,Quenora Logistics,Distribution lead,Logistics,Y,United States,Onshore,US-East,United States,Quenora Logistics,PO-019-2026,Corporate Services,95,5,TEAM-019,Internal courier and distribution team,Operations,Onsite,OU3103,true,1.0,3819.45,Canonical source allocated service fee; not salary or an additional spend fact,2025-01-01,2027-03-07,12,3,"First canonical assignments, retaining one shadow where present",Representative subset; not full headcount and not extrapolation weights,04_workforce/V-019_workforce.json,2026-09-28,ASN-019-001,Role/location/FTE/fee from source; employment/delivery/RTB-CTB attributes synthetic,RA-019,Current,2026-08-15,Low,ISSUE-019,SLA-019,2026-08,96.5,98.0,true
synthetic-pack-20260928,V-019,Quenora Logistics,CTR-019,SVC-019,SOW-019,ORG-03,PROD-03,BC20019,T2019,2026-09-28,2025-01-01,2027-03-07,Unit-rate service order,ASN-019-002,,SYN-EMP-019-002,Synthetic resource 019-002,Contractor,Contingent,Vendor workforce; not buyer employees,Quenora Logistics,Courier,Logistics,N,United States,Onshore,US-East,United States,Quenora Logistics,PO-019-2026,Corporate Services,95,5,TEAM-019,Internal courier and distribution team,Operations,Onsite,OU3103,true,1.0,3819.45,Canonical source allocated service fee; not salary or an additional spend fact,2025-01-01,2027-03-07,12,3,"First canonical assignments, retaining one shadow where present",Representative subset; not full headcount and not extrapolation weights,04_workforce/V-019_workforce.json,2026-09-28,ASN-019-002,Role/location/FTE/fee from source; employment/delivery/RTB-CTB attributes synthetic,RA-019,Current,2026-08-15,Low,ISSUE-019,SLA-019,2026-08,96.5,98.0,true
synthetic-pack-20260928,V-019,Quenora Logistics,CTR-019,SVC-019,SOW-019,ORG-03,PROD-03,BC20019,T2019,2026-09-28,2025-01-01,2027-03-07,Unit-rate service order,ASN-019-003,,SYN-EMP-019-003,Synthetic resource 019-003,Consultant,Professional services,Vendor workforce; not buyer employees,Quenora Logistics,Dispatch coordinator,Logistics,N,United States,Onshore,US-East,United States,Quenora Logistics,PO-019-2026,Corporate Services,95,5,TEAM-019,Internal courier and distribution team,Operations,Onsite,OU3103,true,1.0,3819.45,Canonical source allocated service fee; not salary or an additional spend fact,2025-01-01,2027-03-07,12,3,"First canonical assignments, retaining one shadow where present",Representative subset; not full headcount and not extrapolation weights,04_workforce/V-019_workforce.json,2026-09-28,ASN-019-003,Role/location/FTE/fee from source; employment/delivery/RTB-CTB attributes synthetic,RA-019,Current,2026-08-15,Low,ISSUE-019,SLA-019,2026-08,96.5,98.0,true
synthetic-pack-20260928,V-020,Bramelith Hospitality,CTR-020,SVC-020,SOW-020,ORG-04,PROD-04,BC20020,T2020,2026-09-28,2025-01-01,2027-06-05,Unit-rate service order,ASN-020-001,,SYN-EMP-020-001,Synthetic resource 020-001,Contractor,Contingent,Vendor workforce; not buyer employees,Bramelith Hospitality,Catering manager,Catering,Y,United States,Onshore,US-East,United States,Bramelith Hospitality,PO-020-2026,Transformation,95,5,TEAM-020,Workplace catering team,Operations,Onsite,OU3104,true,1.0,5000.00,Canonical source allocated service fee; not salary or an additional spend fact,2025-01-01,2027-06-05,15,3,"First canonical assignments, retaining one shadow where present",Representative subset; not full headcount and not extrapolation weights,04_workforce/V-020_workforce.json,2026-09-28,ASN-020-001,Role/location/FTE/fee from source; employment/delivery/RTB-CTB attributes synthetic,RA-020,Current,2026-08-15,Medium,ISSUE-020,SLA-020,2026-08,99.0,98.0,false
synthetic-pack-20260928,V-020,Bramelith Hospitality,CTR-020,SVC-020,SOW-020,ORG-04,PROD-04,BC20020,T2020,2026-09-28,2025-01-01,2027-06-05,Unit-rate service order,ASN-020-002,,SYN-EMP-020-002,Synthetic resource 020-002,Consultant,Professional services,Vendor workforce; not buyer employees,Bramelith Hospitality,Chef,Catering,N,United States,Onshore,US-East,United States,Bramelith Hospitality,PO-020-2026,Transformation,95,5,TEAM-020,Workplace catering team,Operations,Onsite,OU3104,true,1.0,5000.00,Canonical source allocated service fee; not salary or an additional spend fact,2025-01-01,2027-06-05,15,3,"First canonical assignments, retaining one shadow where present",Representative subset; not full headcount and not extrapolation weights,04_workforce/V-020_workforce.json,2026-09-28,ASN-020-002,Role/location/FTE/fee from source; employment/delivery/RTB-CTB attributes synthetic,RA-020,Current,2026-08-15,Medium,ISSUE-020,SLA-020,2026-08,99.0,98.0,false
synthetic-pack-20260928,V-020,Bramelith Hospitality,CTR-020,SVC-020,SOW-020,ORG-04,PROD-04,BC20020,T2020,2026-09-28,2025-01-01,2027-06-05,Unit-rate service order,ASN-020-003,,SYN-EMP-020-003,Synthetic resource 020-003,Employee,Regular,Vendor workforce; not buyer employees,Bramelith Hospitality,Service attendant,Catering,N,United States,Onshore,US-East,United States,Bramelith Hospitality,PO-020-2026,Transformation,95,5,TEAM-020,Workplace catering team,Operations,Onsite,OU3104,true,1.0,5000.00,Canonical source allocated service fee; not salary or an additional spend fact,2025-01-01,2027-06-05,15,3,"First canonical assignments, retaining one shadow where present",Representative subset; not full headcount and not extrapolation weights,04_workforce/V-020_workforce.json,2026-09-28,ASN-020-003,Role/location/FTE/fee from source; employment/delivery/RTB-CTB attributes synthetic,RA-020,Current,2026-08-15,Medium,ISSUE-020,SLA-020,2026-08,99.0,98.0,false
